codpro,prod,tipo,cantidad,unidades,total,fecdoc,sucursal,mes,estacion,producto,categoria_abc,dia
101069,AZITROMICINA 500MG TAB CJAX30UNID.,ACFARMA GENERICO,0.0,4.0,4.0,2025-04-09 09:54:00,1,4,Otoño,AZITROMICINA 500MG,Clase C (Baja Rotación),2025-04-09
101069,AZITROMICINA 500MG TAB CJAX30UNID.,ACFARMA GENERICO,1.0,0.0,30.0,2025-04-09 11:05:31,1,4,Otoño,AZITROMICINA 500MG,Clase C (Baja Rotación),2025-04-09
101069,AZITROMICINA 500MG TAB CJAX30UNID.,ACFARMA GENERICO,-1.0,0.0,-30.0,2025-04-09 11:13:00,1,4,Otoño,AZITROMICINA 500MG,Clase C (Baja Rotación),2025-04-09
101069,AZITROMICINA 500MG TAB CJAX30UNID.,ACFARMA GENERICO,0.0,10.0,10.0,2025-04-09 11:14:12,1,4,Otoño,AZITROMICINA 500MG,Clase C (Baja Rotación),2025-04-09
101069,AZITROMICINA 500MG TAB CJAX30UNID.,ACFARMA GENERICO,0.0,2.0,2.0,2025-04-09 19:38:30,1,4,Otoño,AZITROMICINA 500MG,Clase C (Baja Rotación),2025-04-09
101410,ENALAPRIL 10MG TAB CJAX140UND,FARM.GENERICOS,1.0,0.0,9.5,2025-10-30 18:14:18,1,10,Primavera,ENALAPRIL 10MG,Clase A (Alta Rotación),2025-10-30
101410,ENALAPRIL 10MG TAB CJAX140UND,FARM.GENERICOS,-1.0,0.0,-9.5,2025-10-30 18:22:31,1,10,Primavera,ENALAPRIL 10MG,Clase A (Alta Rotación),2025-10-30
101410,ENALAPRIL 10MG TAB CJAX140UND,FARM.GENERICOS,-1.0,0.0,-9.5,2025-10-30 18:23:11,1,10,Primavera,ENALAPRIL 10MG,Clase A (Alta Rotación),2025-10-30
102721,LOSARTAN 50MGX100TAB,PERUFARMA GENERICO,-1.0,0.0,-20.0,2024-01-03 12:00:00,1,1,Verano,LOSARTAN 50MG,Clase B (Rotación Media),2024-01-03
102721,LOSARTAN 50MGX100TAB,PERUFARMA GENERICO,1.0,0.0,20.0,2024-01-03 16:50:14,1,1,Verano,LOSARTAN 50MG,Clase B (Rotación Media),2024-01-03
102721,LOSARTAN 50MGX100TAB,PERUFARMA GENERICO,1.0,0.0,20.0,2024-01-03 16:54:13,1,1,Verano,LOSARTAN 50MG,Clase B (Rotación Media),2024-01-03
102721,LOSARTAN 50MGX100TAB,PERUFARMA GENERICO,1.0,0.0,20.7,2024-02-20 08:51:16,1,2,Verano,LOSARTAN 50MG,Clase B (Rotación Media),2024-02-20
102721,LOSARTAN 50MGX100TAB,PERUFARMA GENERICO,-1.0,0.0,-20.7,2024-02-20 12:00:00,1,2,Verano,LOSARTAN 50MG,Clase B (Rotación Media),2024-02-20
102721,LOSARTAN 50MG COM. REC CJAX100UND,PERUFARMA GENERICO,0.0,30.0,6.0,2025-09-16 17:19:32,1,9,Primavera,LOSARTAN 50MG,Clase B (Rotación Media),2025-09-16
102721,LOSARTAN 50MG COM. REC CJAX100UND,PERUFARMA GENERICO,2.0,0.0,39.2,2025-09-16 18:20:33,1,9,Primavera,LOSARTAN 50MG,Clase B (Rotación Media),2025-09-16
102721,LOSARTAN 50MG COM. REC CJAX100UND,PERUFARMA GENERICO,2.0,0.0,39.2,2025-09-16 18:23:48,1,9,Primavera,LOSARTAN 50MG,Clase B (Rotación Media),2025-09-16
102721,LOSARTAN 50MG COM. REC CJAX100UND,PERUFARMA GENERICO,-2.0,0.0,-39.2,2025-09-16 18:26:38,1,9,Primavera,LOSARTAN 50MG,Clase B (Rotación Media),2025-09-16
100923,PARACETAMOL 500MG CJAX100TAB,GENFAR,1.0,0.0,10.0,2024-02-13 07:44:58,1,2,Verano,PARACETAMOL 500MG,Clase B (Rotación Media),2024-02-13
100923,PARACETAMOL 500MG CJAX100TAB,GENFAR,1.0,0.0,10.0,2024-02-13 07:53:16,1,2,Verano,PARACETAMOL 500MG,Clase B (Rotación Media),2024-02-13
100923,PARACETAMOL 500MG CJAX100TAB,GENFAR,0.0,10.0,1.0,2024-02-13 11:35:54,1,2,Verano,PARACETAMOL 500MG,Clase B (Rotación Media),2024-02-13
100923,PARACETAMOL 500MG CJAX100TAB,GENFAR,0.0,60.0,6.0,2024-02-13 11:43:24,1,2,Verano,PARACETAMOL 500MG,Clase B (Rotación Media),2024-02-13
100923,PARACETAMOL 500MG CJAX100TAB,GENFAR,-1.0,0.0,-10.0,2024-02-13 12:00:00,1,2,Verano,PARACETAMOL 500MG,Clase B (Rotación Media),2024-02-13
100923,PARACETAMOL 500MG CJAX100TAB,GENFAR,0.0,10.0,1.0,2024-02-13 20:13:07,1,2,Verano,PARACETAMOL 500MG,Clase B (Rotación Media),2024-02-13
107417,VITAMINA C+ZINC+D3 NARANJA FCOX20 TB.EFERV.,EUROCARE,-1.0,0.0,-15.5,2024-03-09 12:00:00,1,3,Otoño,VITAMINA C+ZINC+D3,Clase A (Alta Rotación),2024-03-09
107417,VITAMINA C+ZINC+D3 NARANJA FCOX20 TB.EFERV.,EUROCARE,1.0,0.0,15.5,2024-03-09 20:43:38,1,3,Otoño,VITAMINA C+ZINC+D3,Clase A (Alta Rotación),2024-03-09
107417,VITAMINA C+ZINC+D3 NARANJA TAB.EFERV. TBOX20UND,EUROCARE,1.0,0.0,15.2,2025-02-17 17:20:03,1,2,Verano,VITAMINA C+ZINC+D3,Clase A (Alta Rotación),2025-02-17
107417,VITAMINA C+ZINC+D3 NARANJA TAB.EFERV. TBOX20UND,EUROCARE,2.0,0.0,30.4,2025-02-17 17:23:02,1,2,Verano,VITAMINA C+ZINC+D3,Clase A (Alta Rotación),2025-02-17
107417,VITAMINA C+ZINC+D3 NARANJA TAB.EFERV. TBOX20UND,EUROCARE,-1.0,0.0,-15.2,2025-02-17 17:28:07,1,2,Verano,VITAMINA C+ZINC+D3,Clase A (Alta Rotación),2025-02-17
107417,VITAMINA C+ZINC+D3 NARANJA TAB.EFERV. TBOX20UND,EUROCARE,1.0,0.0,15.12,2026-06-29 11:03:05,1,6,Invierno,VITAMINA C+ZINC+D3,Clase A (Alta Rotación),2026-06-29
107417,VITAMINA C+ZINC+D3 NARANJA TAB.EFERV. TBOX20UND,EUROCARE,1.0,0.0,15.12,2026-06-29 11:04:07,1,6,Invierno,VITAMINA C+ZINC+D3,Clase A (Alta Rotación),2026-06-29
107417,VITAMINA C+ZINC+D3 NARANJA TAB.EFERV. TBOX20UND,EUROCARE,-1.0,0.0,-15.12,2026-06-29 11:05:18,1,6,Invierno,VITAMINA C+ZINC+D3,Clase A (Alta Rotación),2026-06-29
108176,AMOXICILINA 500MG CAP CJAX100UND,PHARMA GENERICOS,2.0,0.0,50.0,2025-10-15 10:09:59,2,10,Primavera,AMOXICILINA 500MG,Clase C (Baja Rotación),2025-10-15
108176,AMOXICILINA 500MG CAP CJAX100UND,PHARMA GENERICOS,-2.0,0.0,-50.0,2025-10-15 10:10:22,2,10,Primavera,AMOXICILINA 500MG,Clase C (Baja Rotación),2025-10-15
108176,AMOXICILINA 500MG CAP CJAX100UND,PHARMA GENERICOS,2.0,0.0,50.0,2025-10-15 10:11:57,2,10,Primavera,AMOXICILINA 500MG,Clase C (Baja Rotación),2025-10-15
108176,AMOXICILINA 500MG CAP CJAX100UND,PHARMA GENERICOS,0.0,10.0,2.5,2025-10-15 17:58:09,2,10,Primavera,AMOXICILINA 500MG,Clase C (Baja Rotación),2025-10-15
108176,AMOXICILINA 500MG CAP CJAX100UND,PHARMA GENERICOS,0.0,10.0,2.5,2025-12-13 13:28:27,2,12,Verano,AMOXICILINA 500MG,Clase C (Baja Rotación),2025-12-13
108176,AMOXICILINA 500MG CAP CJAX100UND,PHARMA GENERICOS,1.0,0.0,25.0,2025-12-13 15:15:50,2,12,Verano,AMOXICILINA 500MG,Clase C (Baja Rotación),2025-12-13
108176,AMOXICILINA 500MG CAP CJAX100UND,PHARMA GENERICOS,-1.0,0.0,-25.0,2025-12-13 17:23:41,2,12,Verano,AMOXICILINA 500MG,Clase C (Baja Rotación),2025-12-13
108176,AMOXICILINA 500MG CAP CJAX100UND,PHARMA GENERICOS,1.0,0.0,23.88,2025-12-13 17:41:34,2,12,Verano,AMOXICILINA 500MG,Clase C (Baja Rotación),2025-12-13
100073,CETIRIZINA 10MG CJAX100TAB,PERUFARMA GENERICO,-1.0,0.0,-10.0,2024-04-24 12:00:00,2,4,Otoño,CETIRIZINA 10MG,Clase B (Rotación Media),2024-04-24
100073,CETIRIZINA 10MG CJAX100TAB,PERUFARMA GENERICO,1.0,0.0,10.0,2024-04-24 13:40:12,2,4,Otoño,CETIRIZINA 10MG,Clase B (Rotación Media),2024-04-24
100073,CETIRIZINA 10MG CJAX100TAB,PERUFARMA GENERICO,0.0,10.0,1.0,2024-04-24 17:54:54,2,4,Otoño,CETIRIZINA 10MG,Clase B (Rotación Media),2024-04-24
100073,CETIRIZINA 10MG CJAX100TAB,PERUFARMA GENERICO,0.0,4.0,0.4,2024-04-24 19:24:12,2,4,Otoño,CETIRIZINA 10MG,Clase B (Rotación Media),2024-04-24
100073,CETIRIZINA 10MG CJAX100TAB,PERUFARMA GENERICO,0.0,10.0,1.0,2024-04-24 21:22:30,2,4,Otoño,CETIRIZINA 10MG,Clase B (Rotación Media),2024-04-24
101410,ENALAPRIL 10MG TAB CJAX140UND,FARM.GENERICOS,1.0,0.0,10.0,2025-03-02 19:26:14,2,3,Otoño,ENALAPRIL 10MG,Clase A (Alta Rotación),2025-03-02
101410,ENALAPRIL 10MG TAB CJAX140UND,FARM.GENERICOS,1.0,0.0,10.0,2025-03-02 19:29:10,2,3,Otoño,ENALAPRIL 10MG,Clase A (Alta Rotación),2025-03-02
101410,ENALAPRIL 10MG TAB CJAX140UND,FARM.GENERICOS,-1.0,0.0,-10.0,2025-03-02 19:30:15,2,3,Otoño,ENALAPRIL 10MG,Clase A (Alta Rotación),2025-03-02
100018,METFORMINA 850MG TAB CJAX30UND,GENFAR,1.0,0.0,9.0,2024-12-13 08:15:15,2,12,Verano,METFORMINA 850MG,Clase B (Rotación Media),2024-12-13
100018,METFORMINA 850MG TAB CJAX30UND,GENFAR,-1.0,0.0,-9.0,2024-12-13 08:17:10,2,12,Verano,METFORMINA 850MG,Clase B (Rotación Media),2024-12-13
102759,NAPROXENO 550MG COM. REC CJAX100UND,PERUFARMA GENERICO,0.0,10.0,3.0,2025-06-05 11:23:04,2,6,Invierno,NAPROXENO TABX550MG,Clase C (Baja Rotación),2025-06-05
102759,NAPROXENO 550MG COM. REC CJAX100UND,PERUFARMA GENERICO,2.0,0.0,60.0,2025-06-05 11:48:47,2,6,Invierno,NAPROXENO TABX550MG,Clase C (Baja Rotación),2025-06-05
102759,NAPROXENO 550MG COM. REC CJAX100UND,PERUFARMA GENERICO,-2.0,0.0,-60.0,2025-06-05 11:57:22,2,6,Invierno,NAPROXENO TABX550MG,Clase C (Baja Rotación),2025-06-05
102759,NAPROXENO 550MG COM. REC CJAX100UND,PERUFARMA GENERICO,2.0,0.0,60.0,2025-06-05 12:00:08,2,6,Invierno,NAPROXENO TABX550MG,Clase C (Baja Rotación),2025-06-05
102759,NAPROXENO 550MG COM. REC CJAX100UND,PERUFARMA GENERICO,0.0,10.0,3.0,2025-06-05 14:14:06,2,6,Invierno,NAPROXENO TABX550MG,Clase C (Baja Rotación),2025-06-05
102759,NAPROXENO 550MG COM. REC CJAX100UND,PERUFARMA GENERICO,0.0,10.0,3.0,2025-06-05 15:44:19,2,6,Invierno,NAPROXENO TABX550MG,Clase C (Baja Rotación),2025-06-05
102759,NAPROXENO 550MG COM. REC CJAX100UND,PERUFARMA GENERICO,0.0,10.0,3.0,2025-06-05 20:14:54,2,6,Invierno,NAPROXENO TABX550MG,Clase C (Baja Rotación),2025-06-05
102759,NAPROXENO 550MG COM. REC CJAX100UND,PERUFARMA GENERICO,1.0,0.0,33.0,2025-11-07 14:54:40,2,11,Primavera,NAPROXENO TABX550MG,Clase C (Baja Rotación),2025-11-07
102759,NAPROXENO 550MG COM. REC CJAX100UND,PERUFARMA GENERICO,0.0,10.0,3.5,2025-11-07 17:37:43,2,11,Primavera,NAPROXENO TABX550MG,Clase C (Baja Rotación),2025-11-07
102759,NAPROXENO 550MG COM. REC CJAX100UND,PERUFARMA GENERICO,0.0,10.0,3.5,2025-11-07 18:27:52,2,11,Primavera,NAPROXENO TABX550MG,Clase C (Baja Rotación),2025-11-07
102759,NAPROXENO 550MG COM. REC CJAX100UND,PERUFARMA GENERICO,-1.0,0.0,-33.0,2025-11-07 18:39:54,2,11,Primavera,NAPROXENO TABX550MG,Clase C (Baja Rotación),2025-11-07
102759,NAPROXENO 550MG COM. REC CJAX100UND,PERUFARMA GENERICO,1.0,0.0,28.29,2025-11-07 18:42:13,2,11,Primavera,NAPROXENO TABX550MG,Clase C (Baja Rotación),2025-11-07
100923,PARACETAMOL 500MG TAB CJAX100UND,GENFAR,1.0,0.0,9.02,2025-11-07 14:54:40,2,11,Primavera,PARACETAMOL 500MG,Clase B (Rotación Media),2025-11-07
100923,PARACETAMOL 500MG TAB CJAX100UND,GENFAR,0.0,10.0,1.0,2025-11-07 17:00:43,2,11,Primavera,PARACETAMOL 500MG,Clase B (Rotación Media),2025-11-07
100923,PARACETAMOL 500MG TAB CJAX100UND,GENFAR,0.0,10.0,1.0,2025-11-07 17:27:50,2,11,Primavera,PARACETAMOL 500MG,Clase B (Rotación Media),2025-11-07
100923,PARACETAMOL 500MG TAB CJAX100UND,GENFAR,-1.0,0.0,-9.02,2025-11-07 18:39:54,2,11,Primavera,PARACETAMOL 500MG,Clase B (Rotación Media),2025-11-07
100923,PARACETAMOL 500MG TAB CJAX100UND,GENFAR,1.0,0.0,7.73,2025-11-07 18:42:13,2,11,Primavera,PARACETAMOL 500MG,Clase B (Rotación Media),2025-11-07
100923,PARACETAMOL 500MG TAB CJAX100UND,GENFAR,0.0,5.0,0.5,2025-11-07 19:10:04,2,11,Primavera,PARACETAMOL 500MG,Clase B (Rotación Media),2025-11-07
100923,PARACETAMOL 500MG TAB CJAX100UND,GENFAR,0.0,10.0,1.0,2025-11-07 19:54:23,2,11,Primavera,PARACETAMOL 500MG,Clase B (Rotación Media),2025-11-07
107417,VITAMINA C+ZINC+D3 NARANJA FCOX20 TB.EFERV.,EUROCARE,-2.0,0.0,-31.0,2024-04-17 12:00:00,2,4,Otoño,VITAMINA C+ZINC+D3,Clase A (Alta Rotación),2024-04-17
107417,VITAMINA C+ZINC+D3 NARANJA FCOX20 TB.EFERV.,EUROCARE,2.0,0.0,31.0,2024-04-17 14:00:02,2,4,Otoño,VITAMINA C+ZINC+D3,Clase A (Alta Rotación),2024-04-17
107417,VITAMINA C+ZINC+D3 NARANJA FCOX20 TB.EFERV.,EUROCARE,2.0,0.0,31.0,2024-04-17 14:04:34,2,4,Otoño,VITAMINA C+ZINC+D3,Clase A (Alta Rotación),2024-04-17
107417,VITAMINA C+ZINC+D3 NARANJA TAB.EFERV. TBOX20UND,EUROCARE,2.0,0.0,30.4,2025-03-23 19:29:31,2,3,Otoño,VITAMINA C+ZINC+D3,Clase A (Alta Rotación),2025-03-23
107417,VITAMINA C+ZINC+D3 NARANJA TAB.EFERV. TBOX20UND,EUROCARE,-2.0,0.0,-30.4,2025-03-23 19:41:48,2,3,Otoño,VITAMINA C+ZINC+D3,Clase A (Alta Rotación),2025-03-23
107417,VITAMINA C+ZINC+D3 NARANJA TAB.EFERV. TBOX20UND,EUROCARE,2.0,0.0,30.4,2025-03-23 19:44:32,2,3,Otoño,VITAMINA C+ZINC+D3,Clase A (Alta Rotación),2025-03-23
107417,VITAMINA C+ZINC+D3 NARANJA TAB.EFERV. TBOX20UND,EUROCARE,1.0,0.0,15.2,2025-10-03 10:56:03,2,10,Primavera,VITAMINA C+ZINC+D3,Clase A (Alta Rotación),2025-10-03
107417,VITAMINA C+ZINC+D3 NARANJA TAB.EFERV. TBOX20UND,EUROCARE,-1.0,0.0,-15.2,2025-10-03 11:11:46,2,10,Primavera,VITAMINA C+ZINC+D3,Clase A (Alta Rotación),2025-10-03
107417,VITAMINA C+ZINC+D3 NARANJA TAB.EFERV. TBOX20UND,EUROCARE,1.0,0.0,15.2,2025-10-03 11:32:41,2,10,Primavera,VITAMINA C+ZINC+D3,Clase A (Alta Rotación),2025-10-03
107417,VITAMINA C+ZINC+D3 NARANJA TAB.EFERV. TBOX20UND,EUROCARE,1.0,0.0,14.9,2026-04-17 18:35:35,2,4,Otoño,VITAMINA C+ZINC+D3,Clase A (Alta Rotación),2026-04-17
107417,VITAMINA C+ZINC+D3 NARANJA TAB.EFERV. TBOX20UND,EUROCARE,-1.0,0.0,-14.9,2026-04-17 20:49:26,2,4,Otoño,VITAMINA C+ZINC+D3,Clase A (Alta Rotación),2026-04-17
108176,AMOXICILINA 500MG CAP CJAX100UND,PHARMA GENERICOS,-10.0,0.0,-250.0,2025-10-30 12:00:00,3,10,Primavera,AMOXICILINA 500MG,Clase C (Baja Rotación),2025-10-30
108176,AMOXICILINA 500MG CAP CJAX100UND,PHARMA GENERICOS,0.0,10.0,2.5,2025-10-30 22:06:59,3,10,Primavera,AMOXICILINA 500MG,Clase C (Baja Rotación),2025-10-30
102932,DIMENHIDRINATO 50MG TAB CJAX100UND,PORTUGAL GENERICO,-1.0,0.0,-8.0,2025-10-30 12:00:00,3,10,Primavera,DIMENHIDRINATO 50MG,Clase C (Baja Rotación),2025-10-30
102932,DIMENHIDRINATO 50MG TAB CJAX100UND,PORTUGAL GENERICO,0.0,100.0,8.0,2025-10-30 12:26:57,3,10,Primavera,DIMENHIDRINATO 50MG,Clase C (Baja Rotación),2025-10-30
107417,VITAMINA C+ZINC+D3 NARANJA FCOX20 TB.EFERV.,EUROCARE,-1.0,0.0,-15.5,2024-04-13 12:00:00,3,4,Otoño,VITAMINA C+ZINC+D3,Clase A (Alta Rotación),2024-04-13
107417,VITAMINA C+ZINC+D3 NARANJA FCOX20 TB.EFERV.,EUROCARE,1.0,0.0,15.5,2024-04-13 19:24:10,3,4,Otoño,VITAMINA C+ZINC+D3,Clase A (Alta Rotación),2024-04-13
107417,VITAMINA C+ZINC+D3 NARANJA FCOX20 TB.EFERV.,EUROCARE,1.0,0.0,15.5,2024-04-13 19:26:46,3,4,Otoño,VITAMINA C+ZINC+D3,Clase A (Alta Rotación),2024-04-13
107417,VITAMINA C+ZINC+D3 NARANJA TAB.EFERV. TBOX20UND,EUROCARE,1.0,0.0,15.2,2025-07-24 10:26:24,3,7,Invierno,VITAMINA C+ZINC+D3,Clase A (Alta Rotación),2025-07-24
107417,VITAMINA C+ZINC+D3 NARANJA TAB.EFERV. TBOX20UND,EUROCARE,-1.0,0.0,-15.2,2025-07-24 12:00:00,3,7,Invierno,VITAMINA C+ZINC+D3,Clase A (Alta Rotación),2025-07-24
107417,VITAMINA C+ZINC+D3 NARANJA TAB.EFERV. TBOX20UND,EUROCARE,1.0,0.0,15.2,2025-07-24 21:31:41,3,7,Invierno,VITAMINA C+ZINC+D3,Clase A (Alta Rotación),2025-07-24
101410,ENALAPRIL 10MG TAB CJAX140UND,FARM.GENERICOS,1.0,0.0,10.0,2025-04-03 13:19:23,4,4,Otoño,ENALAPRIL 10MG,Clase A (Alta Rotación),2025-04-03
101410,ENALAPRIL 10MG TAB CJAX140UND,FARM.GENERICOS,-1.0,0.0,-10.0,2025-04-03 13:30:30,4,4,Otoño,ENALAPRIL 10MG,Clase A (Alta Rotación),2025-04-03
100923,PARACETAMOL 500MG CJAX100TAB,GENFAR,-1.0,0.0,-10.01,2024-01-06 12:00:00,4,1,Verano,PARACETAMOL 500MG,Clase B (Rotación Media),2024-01-06
100923,PARACETAMOL 500MG CJAX100TAB,GENFAR,0.0,10.0,1.0,2024-01-06 12:27:11,4,1,Verano,PARACETAMOL 500MG,Clase B (Rotación Media),2024-01-06
100923,PARACETAMOL 500MG CJAX100TAB,GENFAR,1.0,0.0,10.01,2024-01-06 19:20:32,4,1,Verano,PARACETAMOL 500MG,Clase B (Rotación Media),2024-01-06
100923,PARACETAMOL 500MG CJAX100TAB,GENFAR,1.0,0.0,10.01,2024-01-06 19:52:36,4,1,Verano,PARACETAMOL 500MG,Clase B (Rotación Media),2024-01-06
100923,PARACETAMOL 500MG CJAX100TAB,GENFAR,0.0,10.0,1.0,2024-01-06 23:09:12,4,1,Verano,PARACETAMOL 500MG,Clase B (Rotación Media),2024-01-06
107417,VITAMINA C+ZINC+D3 NARANJA TAB.EFERV. TBOX20UND,EUROCARE,-2.0,0.0,-30.8,2024-11-20 12:00:00,4,11,Primavera,VITAMINA C+ZINC+D3,Clase A (Alta Rotación),2024-11-20
107417,VITAMINA C+ZINC+D3 NARANJA TAB.EFERV. TBOX20UND,EUROCARE,2.0,0.0,30.8,2024-11-20 22:19:43,4,11,Primavera,VITAMINA C+ZINC+D3,Clase A (Alta Rotación),2024-11-20
107417,VITAMINA C+ZINC+D3 NARANJA TAB.EFERV. TBOX20UND,EUROCARE,2.0,0.0,30.8,2024-11-20 22:22:34,4,11,Primavera,VITAMINA C+ZINC+D3,Clase A (Alta Rotación),2024-11-20
107417,VITAMINA C+ZINC+D3 NARANJA TAB.EFERV. TBOX20UND,EUROCARE,1.0,0.0,15.4,2024-12-05 10:07:04,4,12,Verano,VITAMINA C+ZINC+D3,Clase A (Alta Rotación),2024-12-05
107417,VITAMINA C+ZINC+D3 NARANJA TAB.EFERV. TBOX20UND,EUROCARE,-1.0,0.0,-15.4,2024-12-05 12:00:00,4,12,Verano,VITAMINA C+ZINC+D3,Clase A (Alta Rotación),2024-12-05
107417,VITAMINA C+ZINC+D3 NARANJA TAB.EFERV. TBOX20UND,EUROCARE,-1.0,0.0,-15.2,2024-12-07 12:00:00,4,12,Verano,VITAMINA C+ZINC+D3,Clase A (Alta Rotación),2024-12-07
107417,VITAMINA C+ZINC+D3 NARANJA TAB.EFERV. TBOX20UND,EUROCARE,1.0,0.0,15.2,2024-12-07 12:26:26,4,12,Verano,VITAMINA C+ZINC+D3,Clase A (Alta Rotación),2024-12-07
102721,LOSARTAN 50MG CJAX100TAB,PERUFARMA GENERICO,1.0,0.0,20.0,2024-05-31 10:27:19,5,5,Otoño,LOSARTAN 50MG,Clase B (Rotación Media),2024-05-31
102721,LOSARTAN 50MG CJAX100TAB,PERUFARMA GENERICO,1.0,0.0,20.0,2024-05-31 10:29:43,5,5,Otoño,LOSARTAN 50MG,Clase B (Rotación Media),2024-05-31
102721,LOSARTAN 50MG CJAX100TAB,PERUFARMA GENERICO,-1.0,0.0,-20.0,2024-05-31 12:00:00,5,5,Otoño,LOSARTAN 50MG,Clase B (Rotación Media),2024-05-31
100018,METFORMINA 850MG CJAX30TAB,GENFAR,2.0,0.0,18.0,2024-05-31 10:27:19,5,5,Otoño,METFORMINA 850MG,Clase B (Rotación Media),2024-05-31
100018,METFORMINA 850MG CJAX30TAB,GENFAR,-2.0,0.0,-18.0,2024-05-31 12:00:00,5,5,Otoño,METFORMINA 850MG,Clase B (Rotación Media),2024-05-31
102759,NAPROXENO 550MG TAB CJAX100UND,PERUFARMA GENERICO,1.0,0.0,33.3,2024-07-14 11:45:57,5,7,Invierno,NAPROXENO TABX550MG,Clase C (Baja Rotación),2024-07-14
102759,NAPROXENO 550MG TAB CJAX100UND,PERUFARMA GENERICO,1.0,0.0,33.3,2024-07-14 11:54:25,5,7,Invierno,NAPROXENO TABX550MG,Clase C (Baja Rotación),2024-07-14
102759,NAPROXENO 550MG TAB CJAX100UND,PERUFARMA GENERICO,-1.0,0.0,-33.3,2024-07-14 12:00:00,5,7,Invierno,NAPROXENO TABX550MG,Clase C (Baja Rotación),2024-07-14
107417,VITAMINA C+ZINC+D3 NARANJA FCOX20 TB.EFERV.,EUROCARE,-2.0,0.0,-31.0,2024-03-25 12:00:00,5,3,Otoño,VITAMINA C+ZINC+D3,Clase A (Alta Rotación),2024-03-25
107417,VITAMINA C+ZINC+D3 NARANJA FCOX20 TB.EFERV.,EUROCARE,2.0,0.0,31.0,2024-03-25 18:31:57,5,3,Otoño,VITAMINA C+ZINC+D3,Clase A (Alta Rotación),2024-03-25
107417,VITAMINA C+ZINC+D3 NARANJA FCOX20 TB.EFERV.,EUROCARE,-1.0,0.0,-15.5,2024-04-23 12:00:00,5,4,Otoño,VITAMINA C+ZINC+D3,Clase A (Alta Rotación),2024-04-23
107417,VITAMINA C+ZINC+D3 NARANJA FCOX20 TB.EFERV.,EUROCARE,1.0,0.0,15.5,2024-04-23 12:35:39,5,4,Otoño,VITAMINA C+ZINC+D3,Clase A (Alta Rotación),2024-04-23
107417,VITAMINA C+ZINC+D3 NARANJA FCOX20 TB.EFERV.,EUROCARE,1.0,0.0,15.5,2024-04-23 12:39:42,5,4,Otoño,VITAMINA C+ZINC+D3,Clase A (Alta Rotación),2024-04-23
107417,VITAMINA C+ZINC+D3 NARANJA TAB.EFERV. TBOX20UND,EUROCARE,2.0,0.0,30.4,2025-04-10 11:57:13,5,4,Otoño,VITAMINA C+ZINC+D3,Clase A (Alta Rotación),2025-04-10
107417,VITAMINA C+ZINC+D3 NARANJA TAB.EFERV. TBOX20UND,EUROCARE,-1.0,0.0,-15.2,2025-04-10 12:00:00,5,4,Otoño,VITAMINA C+ZINC+D3,Clase A (Alta Rotación),2025-04-10
107417,VITAMINA C+ZINC+D3 NARANJA TAB.EFERV. TBOX20UND,EUROCARE,1.0,0.0,15.2,2025-04-10 12:06:05,5,4,Otoño,VITAMINA C+ZINC+D3,Clase A (Alta Rotación),2025-04-10
100018,METFORMINA 850MG CJAX30TAB,GENFAR,1.0,0.0,12.0,2024-03-08 09:45:19,6,3,Otoño,METFORMINA 850MG,Clase B (Rotación Media),2024-03-08
100018,METFORMINA 850MG CJAX30TAB,GENFAR,-1.0,0.0,-12.0,2024-03-08 12:00:00,6,3,Otoño,METFORMINA 850MG,Clase B (Rotación Media),2024-03-08
107417,VITAMINA C+ZINC+D3 NARANJA FCOX20 TB.EFERV.,EUROCARE,1.0,0.0,15.5,2024-03-14 10:05:59,6,3,Otoño,VITAMINA C+ZINC+D3,Clase A (Alta Rotación),2024-03-14
107417,VITAMINA C+ZINC+D3 NARANJA FCOX20 TB.EFERV.,EUROCARE,1.0,0.0,15.5,2024-03-14 10:07:43,6,3,Otoño,VITAMINA C+ZINC+D3,Clase A (Alta Rotación),2024-03-14
107417,VITAMINA C+ZINC+D3 NARANJA FCOX20 TB.EFERV.,EUROCARE,-1.0,0.0,-15.5,2024-03-14 12:00:00,6,3,Otoño,VITAMINA C+ZINC+D3,Clase A (Alta Rotación),2024-03-14
100018,METFORMINA 850MG TAB CJAX30UND,GENFAR,1.0,0.0,10.0,2026-07-30 08:58:58,7,7,Invierno,METFORMINA 850MG,Clase B (Rotación Media),2026-07-30
100018,METFORMINA 850MG TAB CJAX30UND,GENFAR,-1.0,0.0,-10.0,2026-07-30 09:36:13,7,7,Invierno,METFORMINA 850MG,Clase B (Rotación Media),2026-07-30
108176,AMOXICILINA 500MG CAP CJAX100UND,PHARMA GENERICOS,-1.0,0.0,-30.0,2024-10-24 12:00:00,9,10,Primavera,AMOXICILINA 500MG,Clase C (Baja Rotación),2024-10-24
108176,AMOXICILINA 500MG CAP CJAX100UND,PHARMA GENERICOS,1.0,0.0,30.0,2024-10-24 15:48:13,9,10,Primavera,AMOXICILINA 500MG,Clase C (Baja Rotación),2024-10-24
108176,AMOXICILINA 500MG CAP CJAX100UND,PHARMA GENERICOS,1.0,0.0,30.0,2024-10-24 17:20:29,9,10,Primavera,AMOXICILINA 500MG,Clase C (Baja Rotación),2024-10-24
100073,CETIRIZINA 10MG TAB. REC CJAX100UND,PERUFARMA GENERICO,0.0,20.0,2.0,2025-10-28 07:29:45,9,10,Primavera,CETIRIZINA 10MG,Clase B (Rotación Media),2025-10-28
100073,CETIRIZINA 10MG TAB. REC CJAX100UND,PERUFARMA GENERICO,-1.0,0.0,-9.0,2025-10-28 12:00:00,9,10,Primavera,CETIRIZINA 10MG,Clase B (Rotación Media),2025-10-28
100073,CETIRIZINA 10MG TAB. REC CJAX100UND,PERUFARMA GENERICO,0.0,10.0,1.0,2025-10-28 17:23:18,9,10,Primavera,CETIRIZINA 10MG,Clase B (Rotación Media),2025-10-28
100073,CETIRIZINA 10MG TAB. REC CJAX100UND,PERUFARMA GENERICO,1.0,0.0,9.0,2025-10-28 18:22:57,9,10,Primavera,CETIRIZINA 10MG,Clase B (Rotación Media),2025-10-28
100073,CETIRIZINA 10MG TAB. REC CJAX100UND,PERUFARMA GENERICO,1.0,0.0,9.0,2025-10-28 18:26:32,9,10,Primavera,CETIRIZINA 10MG,Clase B (Rotación Media),2025-10-28
100018,METFORMINA 850MG TAB CJAX30UND,GENFAR,-2.0,0.0,-16.0,2025-05-03 12:00:00,9,5,Otoño,METFORMINA 850MG,Clase B (Rotación Media),2025-05-03
100018,METFORMINA 850MG TAB CJAX30UND,GENFAR,2.0,0.0,16.0,2025-05-03 21:04:52,9,5,Otoño,METFORMINA 850MG,Clase B (Rotación Media),2025-05-03
100018,METFORMINA 850MG TAB CJAX30UND,GENFAR,2.0,0.0,16.0,2025-05-03 21:12:54,9,5,Otoño,METFORMINA 850MG,Clase B (Rotación Media),2025-05-03
100018,METFORMINA 850MG TAB CJAX30UND,GENFAR,1.0,0.0,9.0,2025-12-27 09:54:13,9,12,Verano,METFORMINA 850MG,Clase B (Rotación Media),2025-12-27
100018,METFORMINA 850MG TAB CJAX30UND,GENFAR,-1.0,0.0,-9.0,2025-12-27 10:00:33,9,12,Verano,METFORMINA 850MG,Clase B (Rotación Media),2025-12-27
107417,VITAMINA C+ZINC+D3 NARANJA TAB.EFERV. TBOX20UND,EUROCARE,1.0,0.0,14.9,2026-04-17 15:34:00,9,4,Otoño,VITAMINA C+ZINC+D3,Clase A (Alta Rotación),2026-04-17
107417,VITAMINA C+ZINC+D3 NARANJA TAB.EFERV. TBOX20UND,EUROCARE,-1.0,0.0,-14.9,2026-04-17 15:35:30,9,4,Otoño,VITAMINA C+ZINC+D3,Clase A (Alta Rotación),2026-04-17
107417,VITAMINA C+ZINC+D3 NARANJA TAB.EFERV. TBOX20UND,EUROCARE,1.0,0.0,14.9,2026-04-17 15:37:45,9,4,Otoño,VITAMINA C+ZINC+D3,Clase A (Alta Rotación),2026-04-17
101410,ENALAPRIL 10MG TAB CJAX140UND,FARM.GENERICOS,1.0,0.0,9.5,2026-01-30 10:58:43,10,1,Verano,ENALAPRIL 10MG,Clase A (Alta Rotación),2026-01-30
101410,ENALAPRIL 10MG TAB CJAX140UND,FARM.GENERICOS,-1.0,0.0,-9.5,2026-01-30 11:59:29,10,1,Verano,ENALAPRIL 10MG,Clase A (Alta Rotación),2026-01-30
101410,ENALAPRIL 10MG TAB CJAX140UND,FARM.GENERICOS,1.0,0.0,9.5,2026-01-30 12:02:09,10,1,Verano,ENALAPRIL 10MG,Clase A (Alta Rotación),2026-01-30
101410,ENALAPRIL 10MG TAB CJAX140UND,FARM.GENERICOS,0.0,10.0,1.0,2026-06-09 18:33:45,10,6,Invierno,ENALAPRIL 10MG,Clase A (Alta Rotación),2026-06-09
101410,ENALAPRIL 10MG TAB CJAX140UND,FARM.GENERICOS,1.0,0.0,9.0,2026-06-09 19:01:49,10,6,Invierno,ENALAPRIL 10MG,Clase A (Alta Rotación),2026-06-09
101410,ENALAPRIL 10MG TAB CJAX140UND,FARM.GENERICOS,-1.0,0.0,-9.0,2026-06-09 19:53:02,10,6,Invierno,ENALAPRIL 10MG,Clase A (Alta Rotación),2026-06-09
101410,ENALAPRIL 10MG TAB CJAX140UND,FARM.GENERICOS,1.0,0.0,9.0,2026-06-09 19:54:08,10,6,Invierno,ENALAPRIL 10MG,Clase A (Alta Rotación),2026-06-09
102721,LOSARTAN 50MGX100TAB,PERUFARMA GENERICO,0.0,30.0,9.0,2024-01-27 11:24:17,10,1,Verano,LOSARTAN 50MG,Clase B (Rotación Media),2024-01-27
102721,LOSARTAN 50MGX100TAB,PERUFARMA GENERICO,0.0,30.0,9.0,2024-01-27 11:25:56,10,1,Verano,LOSARTAN 50MG,Clase B (Rotación Media),2024-01-27
102721,LOSARTAN 50MGX100TAB,PERUFARMA GENERICO,0.0,-30.0,-9.0,2024-01-27 12:00:00,10,1,Verano,LOSARTAN 50MG,Clase B (Rotación Media),2024-01-27
102721,LOSARTAN 50MGX100TAB,PERUFARMA GENERICO,-1.0,0.0,-20.7,2024-01-27 12:00:00,10,1,Verano,LOSARTAN 50MG,Clase B (Rotación Media),2024-01-27
102721,LOSARTAN 50MGX100TAB,PERUFARMA GENERICO,1.0,0.0,20.7,2024-01-27 15:04:06,10,1,Verano,LOSARTAN 50MG,Clase B (Rotación Media),2024-01-27
102721,LOSARTAN 50MG COM. REC CJAX100UND,PERUFARMA GENERICO,1.0,0.0,20.0,2025-03-31 19:08:58,10,3,Otoño,LOSARTAN 50MG,Clase B (Rotación Media),2025-03-31
102721,LOSARTAN 50MG COM. REC CJAX100UND,PERUFARMA GENERICO,-1.0,0.0,-20.0,2025-03-31 19:37:00,10,3,Otoño,LOSARTAN 50MG,Clase B (Rotación Media),2025-03-31
102759,NAPROXENO TABX550MGX100UND,PERUFARMA GENERICO,1.0,0.0,30.0,2024-05-09 00:00:00,10,5,Otoño,NAPROXENO TABX550MG,Clase C (Baja Rotación),2024-05-09
102759,NAPROXENO TABX550MGX100UND,PERUFARMA GENERICO,-1.0,0.0,-30.0,2024-05-09 12:00:00,10,5,Otoño,NAPROXENO TABX550MG,Clase C (Baja Rotación),2024-05-09
102759,NAPROXENO TABX550MGX100UND,PERUFARMA GENERICO,0.0,10.0,3.0,2024-05-09 13:00:57,10,5,Otoño,NAPROXENO TABX550MG,Clase C (Baja Rotación),2024-05-09
102759,NAPROXENO TABX550MGX100UND,PERUFARMA GENERICO,1.0,0.0,30.0,2024-05-09 13:59:19,10,5,Otoño,NAPROXENO TABX550MG,Clase C (Baja Rotación),2024-05-09
102759,NAPROXENO TABX550MGX100UND,PERUFARMA GENERICO,0.0,10.0,3.0,2024-05-09 17:08:39,10,5,Otoño,NAPROXENO TABX550MG,Clase C (Baja Rotación),2024-05-09
107417,VITAMINA C+ZINC+D3 NARANJA TAB.EFERV. TBOX20UND,EUROCARE,1.0,0.0,15.2,2025-07-04 10:30:23,10,7,Invierno,VITAMINA C+ZINC+D3,Clase A (Alta Rotación),2025-07-04
107417,VITAMINA C+ZINC+D3 NARANJA TAB.EFERV. TBOX20UND,EUROCARE,1.0,0.0,15.2,2025-07-04 12:02:17,10,7,Invierno,VITAMINA C+ZINC+D3,Clase A (Alta Rotación),2025-07-04
107417,VITAMINA C+ZINC+D3 NARANJA TAB.EFERV. TBOX20UND,EUROCARE,-1.0,0.0,-15.2,2025-07-04 18:38:15,10,7,Invierno,VITAMINA C+ZINC+D3,Clase A (Alta Rotación),2025-07-04
107417,VITAMINA C+ZINC+D3 NARANJA TAB.EFERV. TBOX20UND,EUROCARE,1.0,0.0,15.2,2025-07-04 18:44:23,10,7,Invierno,VITAMINA C+ZINC+D3,Clase A (Alta Rotación),2025-07-04
107417,VITAMINA C+ZINC+D3 NARANJA TAB.EFERV. TBOX20UND,EUROCARE,1.0,0.0,14.9,2026-03-05 12:39:39,10,3,Otoño,VITAMINA C+ZINC+D3,Clase A (Alta Rotación),2026-03-05
107417,VITAMINA C+ZINC+D3 NARANJA TAB.EFERV. TBOX20UND,EUROCARE,1.0,0.0,14.9,2026-03-05 12:44:37,10,3,Otoño,VITAMINA C+ZINC+D3,Clase A (Alta Rotación),2026-03-05
107417,VITAMINA C+ZINC+D3 NARANJA TAB.EFERV. TBOX20UND,EUROCARE,-1.0,0.0,-14.9,2026-03-05 12:44:58,10,3,Otoño,VITAMINA C+ZINC+D3,Clase A (Alta Rotación),2026-03-05
107417,VITAMINA C+ZINC+D3 NARANJA TAB.EFERV. TBOX20UND,EUROCARE,1.0,0.0,14.9,2026-03-28 12:55:58,10,3,Otoño,VITAMINA C+ZINC+D3,Clase A (Alta Rotación),2026-03-28
107417,VITAMINA C+ZINC+D3 NARANJA TAB.EFERV. TBOX20UND,EUROCARE,-1.0,0.0,-14.9,2026-03-28 12:56:32,10,3,Otoño,VITAMINA C+ZINC+D3,Clase A (Alta Rotación),2026-03-28
107417,VITAMINA C+ZINC+D3 NARANJA TAB.EFERV. TBOX20UND,EUROCARE,1.0,0.0,14.9,2026-03-28 13:00:30,10,3,Otoño,VITAMINA C+ZINC+D3,Clase A (Alta Rotación),2026-03-28
107417,VITAMINA C+ZINC+D3 NARANJA TAB.EFERV. TBOX20UND,EUROCARE,-1.0,0.0,-14.9,2026-03-28 13:01:41,10,3,Otoño,VITAMINA C+ZINC+D3,Clase A (Alta Rotación),2026-03-28
107417,VITAMINA C+ZINC+D3 NARANJA TAB.EFERV. TBOX20UND,EUROCARE,1.0,0.0,14.9,2026-03-28 13:03:22,10,3,Otoño,VITAMINA C+ZINC+D3,Clase A (Alta Rotación),2026-03-28
107417,VITAMINA C+ZINC+D3 NARANJA TAB.EFERV. TBOX20UND,EUROCARE,1.0,0.0,14.9,2026-04-11 22:50:22,10,4,Otoño,VITAMINA C+ZINC+D3,Clase A (Alta Rotación),2026-04-11
107417,VITAMINA C+ZINC+D3 NARANJA TAB.EFERV. TBOX20UND,EUROCARE,-1.0,0.0,-14.9,2026-04-11 22:55:27,10,4,Otoño,VITAMINA C+ZINC+D3,Clase A (Alta Rotación),2026-04-11
107417,VITAMINA C+ZINC+D3 NARANJA TAB.EFERV. TBOX20UND,EUROCARE,-1.0,0.0,-14.44,2025-02-05 12:00:00,11,2,Verano,VITAMINA C+ZINC+D3,Clase A (Alta Rotación),2025-02-05
107417,VITAMINA C+ZINC+D3 NARANJA TAB.EFERV. TBOX20UND,EUROCARE,1.0,0.0,14.44,2025-02-05 17:35:22,11,2,Verano,VITAMINA C+ZINC+D3,Clase A (Alta Rotación),2025-02-05
107417,VITAMINA C+ZINC+D3 NARANJA TAB.EFERV. TBOX20UND,EUROCARE,1.0,0.0,14.44,2025-02-05 17:57:37,11,2,Verano,VITAMINA C+ZINC+D3,Clase A (Alta Rotación),2025-02-05
107417,VITAMINA C+ZINC+D3 NARANJA TAB.EFERV. TBOX20UND,EUROCARE,1.0,0.0,15.2,2025-03-19 10:41:03,11,3,Otoño,VITAMINA C+ZINC+D3,Clase A (Alta Rotación),2025-03-19
107417,VITAMINA C+ZINC+D3 NARANJA TAB.EFERV. TBOX20UND,EUROCARE,-1.0,0.0,-15.2,2025-03-19 12:00:00,11,3,Otoño,VITAMINA C+ZINC+D3,Clase A (Alta Rotación),2025-03-19
107417,VITAMINA C+ZINC+D3 NARANJA TAB.EFERV. TBOX20UND,EUROCARE,1.0,0.0,14.9,2026-04-05 16:50:04,11,4,Otoño,VITAMINA C+ZINC+D3,Clase A (Alta Rotación),2026-04-05
107417,VITAMINA C+ZINC+D3 NARANJA TAB.EFERV. TBOX20UND,EUROCARE,-1.0,0.0,-14.9,2026-04-05 16:56:27,11,4,Otoño,VITAMINA C+ZINC+D3,Clase A (Alta Rotación),2026-04-05
107417,VITAMINA C+ZINC+D3 NARANJA TAB.EFERV. TBOX20UND,EUROCARE,1.0,0.0,14.9,2026-04-05 16:57:42,11,4,Otoño,VITAMINA C+ZINC+D3,Clase A (Alta Rotación),2026-04-05
107417,VITAMINA C+ZINC+D3 NARANJA TAB.EFERV. TBOX20UND,EUROCARE,1.0,0.0,14.5,2026-06-07 15:12:28,11,6,Invierno,VITAMINA C+ZINC+D3,Clase A (Alta Rotación),2026-06-07
107417,VITAMINA C+ZINC+D3 NARANJA TAB.EFERV. TBOX20UND,EUROCARE,-1.0,0.0,-14.5,2026-06-07 15:12:53,11,6,Invierno,VITAMINA C+ZINC+D3,Clase A (Alta Rotación),2026-06-07
107417,VITAMINA C+ZINC+D3 NARANJA TAB.EFERV. TBOX20UND,EUROCARE,1.0,0.0,14.5,2026-06-07 15:14:30,11,6,Invierno,VITAMINA C+ZINC+D3,Clase A (Alta Rotación),2026-06-07
101069,AZITROMICINA 500MG TAB CJAX30UND,ACFARMA GENERICO,2.0,0.0,66.0,2025-10-25 11:27:47,12,10,Primavera,AZITROMICINA 500MG,Clase C (Baja Rotación),2025-10-25
101069,AZITROMICINA 500MG TAB CJAX30UND,ACFARMA GENERICO,-2.0,0.0,-66.0,2025-10-25 11:44:38,12,10,Primavera,AZITROMICINA 500MG,Clase C (Baja Rotación),2025-10-25
101410,ENALAPRIL 10MG TAB CJAX140UND,FARM.GENERICOS,1.0,0.0,9.5,2026-01-22 09:42:23,12,1,Verano,ENALAPRIL 10MG,Clase A (Alta Rotación),2026-01-22
101410,ENALAPRIL 10MG TAB CJAX140UND,FARM.GENERICOS,-1.0,0.0,-9.5,2026-01-22 09:43:33,12,1,Verano,ENALAPRIL 10MG,Clase A (Alta Rotación),2026-01-22
101410,ENALAPRIL 10MG TAB CJAX140UND,FARM.GENERICOS,0.0,20.0,2.0,2026-01-22 19:26:57,12,1,Verano,ENALAPRIL 10MG,Clase A (Alta Rotación),2026-01-22
102721,LOSARTAN 50MG COM. REC CJAX100UND,PERUFARMA GENERICO,-1.0,0.0,-20.0,2025-04-26 12:00:00,12,4,Otoño,LOSARTAN 50MG,Clase B (Rotación Media),2025-04-26
102721,LOSARTAN 50MG COM. REC CJAX100UND,PERUFARMA GENERICO,1.0,0.0,20.0,2025-04-26 19:55:50,12,4,Otoño,LOSARTAN 50MG,Clase B (Rotación Media),2025-04-26
102721,LOSARTAN 50MG COM. REC CJAX100UND,PERUFARMA GENERICO,1.0,0.0,20.0,2025-04-26 20:08:25,12,4,Otoño,LOSARTAN 50MG,Clase B (Rotación Media),2025-04-26
102759,NAPROXENO 550MG COM. REC CJAX100UND,PERUFARMA GENERICO,-1.0,0.0,-33.0,2025-10-25 10:13:02,12,10,Primavera,NAPROXENO TABX550MG,Clase C (Baja Rotación),2025-10-25
102759,NAPROXENO 550MG COM. REC CJAX100UND,PERUFARMA GENERICO,1.0,0.0,33.0,2025-10-25 10:17:53,12,10,Primavera,NAPROXENO TABX550MG,Clase C (Baja Rotación),2025-10-25
102759,NAPROXENO 550MG COM. REC CJAX100UND,PERUFARMA GENERICO,0.0,5.0,1.75,2025-10-25 19:42:40,12,10,Primavera,NAPROXENO TABX550MG,Clase C (Baja Rotación),2025-10-25
102759,NAPROXENO 550MG COM. REC CJAX100UND,PERUFARMA GENERICO,0.0,10.0,3.5,2025-10-25 20:57:53,12,10,Primavera,NAPROXENO TABX550MG,Clase C (Baja Rotación),2025-10-25
107417,VITAMINA C+ZINC+D3 NARANJA FCOX20 TB.EFERV.,EUROCARE,1.0,0.0,15.5,2024-04-28 09:39:05,12,4,Otoño,VITAMINA C+ZINC+D3,Clase A (Alta Rotación),2024-04-28
107417,VITAMINA C+ZINC+D3 NARANJA FCOX20 TB.EFERV.,EUROCARE,1.0,0.0,15.5,2024-04-28 09:49:16,12,4,Otoño,VITAMINA C+ZINC+D3,Clase A (Alta Rotación),2024-04-28
107417,VITAMINA C+ZINC+D3 NARANJA FCOX20 TB.EFERV.,EUROCARE,-1.0,0.0,-15.5,2024-04-28 12:00:00,12,4,Otoño,VITAMINA C+ZINC+D3,Clase A (Alta Rotación),2024-04-28
107417,VITAMINA C+ZINC+D3 NARANJA FCOX20 TB.EFERV.,EUROCARE,1.0,0.0,15.5,2024-04-28 19:18:07,12,4,Otoño,VITAMINA C+ZINC+D3,Clase A (Alta Rotación),2024-04-28
107417,VITAMINA C+ZINC+D3 NARANJA TAB.EFERV. TBOX20UND,EUROCARE,-1.0,0.0,-15.4,2024-11-13 12:00:00,12,11,Primavera,VITAMINA C+ZINC+D3,Clase A (Alta Rotación),2024-11-13
107417,VITAMINA C+ZINC+D3 NARANJA TAB.EFERV. TBOX20UND,EUROCARE,1.0,0.0,15.4,2024-11-13 12:47:41,12,11,Primavera,VITAMINA C+ZINC+D3,Clase A (Alta Rotación),2024-11-13
107417,VITAMINA C+ZINC+D3 NARANJA TAB.EFERV. TBOX20UND,EUROCARE,1.0,0.0,15.4,2024-11-13 20:24:30,12,11,Primavera,VITAMINA C+ZINC+D3,Clase A (Alta Rotación),2024-11-13
107417,VITAMINA C+ZINC+D3 NARANJA TAB.EFERV. TBOX20UND,EUROCARE,1.0,0.0,15.4,2024-11-13 22:48:14,12,11,Primavera,VITAMINA C+ZINC+D3,Clase A (Alta Rotación),2024-11-13
107417,VITAMINA C+ZINC+D3 NARANJA TAB.EFERV. TBOX20UND,EUROCARE,1.0,0.0,15.2,2025-02-01 08:13:53,12,2,Verano,VITAMINA C+ZINC+D3,Clase A (Alta Rotación),2025-02-01
107417,VITAMINA C+ZINC+D3 NARANJA TAB.EFERV. TBOX20UND,EUROCARE,1.0,0.0,15.2,2025-02-01 08:17:20,12,2,Verano,VITAMINA C+ZINC+D3,Clase A (Alta Rotación),2025-02-01
107417,VITAMINA C+ZINC+D3 NARANJA TAB.EFERV. TBOX20UND,EUROCARE,-1.0,0.0,-15.2,2025-02-01 12:00:00,12,2,Verano,VITAMINA C+ZINC+D3,Clase A (Alta Rotación),2025-02-01
101410,ENALAPRIL 10MG TAB CJAX140UND,FARM.GENERICOS,1.0,0.0,9.5,2026-04-10 09:22:07,15,4,Otoño,ENALAPRIL 10MG,Clase A (Alta Rotación),2026-04-10
101410,ENALAPRIL 10MG TAB CJAX140UND,FARM.GENERICOS,-1.0,0.0,-9.5,2026-04-10 09:25:28,15,4,Otoño,ENALAPRIL 10MG,Clase A (Alta Rotación),2026-04-10
102721,LOSARTAN 50MG COM. REC CJAX100UND,PERUFARMA GENERICO,1.0,0.0,20.0,2025-05-17 23:01:16,15,5,Otoño,LOSARTAN 50MG,Clase B (Rotación Media),2025-05-17
102721,LOSARTAN 50MG COM. REC CJAX100UND,PERUFARMA GENERICO,-1.0,0.0,-20.0,2025-05-17 23:04:35,15,5,Otoño,LOSARTAN 50MG,Clase B (Rotación Media),2025-05-17
107417,VITAMINA C+ZINC+D3 NARANJA TAB.EFERV. TBOX20UND,EUROCARE,1.0,0.0,15.2,2025-01-28 10:54:06,15,1,Verano,VITAMINA C+ZINC+D3,Clase A (Alta Rotación),2025-01-28
107417,VITAMINA C+ZINC+D3 NARANJA TAB.EFERV. TBOX20UND,EUROCARE,-1.0,0.0,-15.2,2025-01-28 11:28:11,15,1,Verano,VITAMINA C+ZINC+D3,Clase A (Alta Rotación),2025-01-28
107417,VITAMINA C+ZINC+D3 NARANJA TAB.EFERV. TBOX20UND,EUROCARE,1.0,0.0,15.2,2025-01-28 11:30:09,15,1,Verano,VITAMINA C+ZINC+D3,Clase A (Alta Rotación),2025-01-28
107417,VITAMINA C+ZINC+D3 NARANJA TAB.EFERV. TBOX20UND,EUROCARE,-1.0,0.0,-15.2,2025-06-19 18:56:52,15,6,Invierno,VITAMINA C+ZINC+D3,Clase A (Alta Rotación),2025-06-19
107417,VITAMINA C+ZINC+D3 NARANJA TAB.EFERV. TBOX20UND,EUROCARE,1.0,0.0,15.2,2025-06-19 19:56:40,15,6,Invierno,VITAMINA C+ZINC+D3,Clase A (Alta Rotación),2025-06-19
107417,VITAMINA C+ZINC+D3 NARANJA TAB.EFERV. TBOX20UND,EUROCARE,1.0,0.0,15.2,2025-06-19 20:07:08,15,6,Invierno,VITAMINA C+ZINC+D3,Clase A (Alta Rotación),2025-06-19
100018,METFORMINA 850MG TAB CJAX30UND,GENFAR,1.0,0.0,10.5,2026-04-25 18:58:46,16,4,Otoño,METFORMINA 850MG,Clase B (Rotación Media),2026-04-25
100018,METFORMINA 850MG TAB CJAX30UND,GENFAR,-1.0,0.0,-10.5,2026-04-25 20:21:08,16,4,Otoño,METFORMINA 850MG,Clase B (Rotación Media),2026-04-25
100018,METFORMINA 850MG TAB CJAX30UND,GENFAR,1.0,0.0,10.5,2026-04-25 20:28:46,16,4,Otoño,METFORMINA 850MG,Clase B (Rotación Media),2026-04-25
107417,VITAMINA C+ZINC+D3 NARANJA TAB.EFERV. TBOX20UND,EUROCARE,1.0,0.0,15.2,2025-07-12 22:09:11,16,7,Invierno,VITAMINA C+ZINC+D3,Clase A (Alta Rotación),2025-07-12
107417,VITAMINA C+ZINC+D3 NARANJA TAB.EFERV. TBOX20UND,EUROCARE,-1.0,0.0,-15.2,2025-07-12 22:10:39,16,7,Invierno,VITAMINA C+ZINC+D3,Clase A (Alta Rotación),2025-07-12
107417,VITAMINA C+ZINC+D3 NARANJA TAB.EFERV. TBOX20UND,EUROCARE,1.0,0.0,15.2,2025-09-20 10:55:07,16,9,Primavera,VITAMINA C+ZINC+D3,Clase A (Alta Rotación),2025-09-20
107417,VITAMINA C+ZINC+D3 NARANJA TAB.EFERV. TBOX20UND,EUROCARE,1.0,0.0,15.2,2025-09-20 11:26:31,16,9,Primavera,VITAMINA C+ZINC+D3,Clase A (Alta Rotación),2025-09-20
107417,VITAMINA C+ZINC+D3 NARANJA TAB.EFERV. TBOX20UND,EUROCARE,-1.0,0.0,-15.2,2025-09-20 11:27:02,16,9,Primavera,VITAMINA C+ZINC+D3,Clase A (Alta Rotación),2025-09-20
107417,VITAMINA C+ZINC+D3 NARANJA TAB.EFERV. TBOX20UND,EUROCARE,1.0,0.0,15.2,2025-09-20 11:28:12,16,9,Primavera,VITAMINA C+ZINC+D3,Clase A (Alta Rotación),2025-09-20
107417,VITAMINA C+ZINC+D3 NARANJA TAB.EFERV. TBOX20UND,EUROCARE,1.0,0.0,15.2,2026-01-03 13:33:53,16,1,Verano,VITAMINA C+ZINC+D3,Clase A (Alta Rotación),2026-01-03
107417,VITAMINA C+ZINC+D3 NARANJA TAB.EFERV. TBOX20UND,EUROCARE,-1.0,0.0,-15.2,2026-01-03 13:38:12,16,1,Verano,VITAMINA C+ZINC+D3,Clase A (Alta Rotación),2026-01-03
107417,VITAMINA C+ZINC+D3 NARANJA TAB.EFERV. TBOX20UND,EUROCARE,1.0,0.0,15.2,2026-01-03 13:39:02,16,1,Verano,VITAMINA C+ZINC+D3,Clase A (Alta Rotación),2026-01-03
