codpro,prod,tipo,cantidad,unidades,total,fecdoc,sucursal,mes,estacion
106087,ENALAPRIL 20MG TAB CJAX100UND,PORTUGAL GENERICO,0.0,20.0,4.0,2025-01-08 12:14:33,1,1,Verano
106087,ENALAPRIL 20MG TAB CJAX100UND,PORTUGAL GENERICO,0.0,10.0,2.0,2025-01-16 15:31:54,11,1,Verano
106087,ENALAPRIL 20MG TAB CJAX100UND,PORTUGAL GENERICO,0.0,10.0,2.0,2025-01-30 17:05:37,1,1,Verano
106087,ENALAPRIL 20MG TAB CJAX100UND,PORTUGAL GENERICO,0.0,10.0,2.0,2025-02-04 19:55:48,11,2,Verano
106087,ENALAPRIL 20MG TAB CJAX100UND,PORTUGAL GENERICO,0.0,7.0,1.4,2025-02-05 10:47:28,12,2,Verano
106087,ENALAPRIL 20MG TAB CJAX100UND,PORTUGAL GENERICO,0.0,10.0,2.0,2025-02-11 21:45:42,11,2,Verano
106087,ENALAPRIL 20MG TAB CJAX100UND,PORTUGAL GENERICO,0.0,20.0,4.0,2025-02-12 09:00:23,12,2,Verano
106087,ENALAPRIL 20MG TAB CJAX100UND,PORTUGAL GENERICO,0.0,20.0,4.0,2025-02-14 17:58:47,1,2,Verano
106087,ENALAPRIL 20MG TAB CJAX100UND,PORTUGAL GENERICO,0.0,-20.0,-4.0,2025-02-14 18:10:22,1,2,Verano
106087,ENALAPRIL 20MG TAB CJAX100UND,PORTUGAL GENERICO,0.0,5.0,1.0,2025-02-14 18:13:34,1,2,Verano
106087,ENALAPRIL 20MG TAB CJAX100UND,PORTUGAL GENERICO,0.0,10.0,2.0,2025-02-27 12:20:56,12,2,Verano
106087,ENALAPRIL 20MG TAB CJAX100UND,PORTUGAL GENERICO,0.0,10.0,2.0,2025-02-27 17:54:32,11,2,Verano
106087,ENALAPRIL 20MG TAB CJAX100UND,PORTUGAL GENERICO,0.0,10.0,2.0,2025-03-05 19:40:08,1,3,Otoño
106087,ENALAPRIL 20MG TAB CJAX100UND,PORTUGAL GENERICO,0.0,7.0,1.4,2025-03-07 16:01:08,12,3,Otoño
106087,ENALAPRIL 20MG TAB CJAX100UND,PORTUGAL GENERICO,0.0,15.0,1.8,2025-03-08 13:00:01,11,3,Otoño
106087,ENALAPRIL 20MG TAB CJAX100UND,PORTUGAL GENERICO,0.0,20.0,2.4,2025-03-08 19:22:49,11,3,Otoño
106087,ENALAPRIL 20MG TAB CJAX100UND,PORTUGAL GENERICO,0.0,8.0,1.52,2025-03-11 22:26:18,11,3,Otoño
106087,ENALAPRIL 20MG TAB CJAX100UND,PORTUGAL GENERICO,0.0,10.0,1.9,2025-03-15 18:30:57,11,3,Otoño
106087,ENALAPRIL 20MG TAB CJAX100UND,PORTUGAL GENERICO,0.0,10.0,1.9,2025-03-15 18:44:37,11,3,Otoño
106087,ENALAPRIL 20MG TAB CJAX100UND,PORTUGAL GENERICO,0.0,2.0,0.4,2025-03-26 17:37:07,6,3,Otoño
106087,ENALAPRIL 20MG TAB CJAX100UND,PORTUGAL GENERICO,0.0,1.0,0.2,2025-03-26 18:23:06,6,3,Otoño
106087,ENALAPRIL 20MG TAB CJAX100UND,PORTUGAL GENERICO,0.0,1.0,0.2,2025-03-26 18:42:21,6,3,Otoño
106087,ENALAPRIL 20MG TAB CJAX100UND,PORTUGAL GENERICO,0.0,20.0,2.4,2025-03-28 07:14:50,11,3,Otoño
106087,ENALAPRIL 20MG TAB CJAX100UND,PORTUGAL GENERICO,0.0,10.0,2.0,2025-04-01 07:09:58,12,4,Otoño
106087,ENALAPRIL 20MG TAB CJAX100UND,PORTUGAL GENERICO,0.0,10.0,1.9,2025-04-01 07:37:30,1,4,Otoño
106087,ENALAPRIL 20MG TAB CJAX100UND,PORTUGAL GENERICO,0.0,50.0,10.0,2025-04-09 17:56:46,11,4,Otoño
106087,ENALAPRIL 20MG TAB CJAX100UND,PORTUGAL GENERICO,0.0,-50.0,-10.0,2025-04-10 12:00:00,11,4,Otoño
106087,ENALAPRIL 20MG TAB CJAX100UND,PORTUGAL GENERICO,0.0,7.0,0.84,2025-04-13 11:38:27,11,4,Otoño
106087,ENALAPRIL 20MG TAB CJAX100UND,PORTUGAL GENERICO,0.0,10.0,2.0,2025-04-22 21:05:45,11,4,Otoño
106087,ENALAPRIL 20MG TAB CJAX100UND,PORTUGAL GENERICO,0.0,10.0,1.0,2025-10-22 10:05:30,1,10,Primavera
106087,ENALAPRIL 20MG TAB CJAX100UND,PORTUGAL GENERICO,0.0,30.0,3.0,2025-10-23 15:13:35,1,10,Primavera
106087,ENALAPRIL 20MG TAB CJAX100UND,PORTUGAL GENERICO,1.0,0.0,10.0,2025-10-25 10:52:01,1,10,Primavera
106087,ENALAPRIL 20MG TAB CJAX100UND,PORTUGAL GENERICO,1.0,0.0,10.0,2025-10-25 17:07:29,2,10,Primavera
106087,ENALAPRIL 20MG TAB CJAX100UND,PORTUGAL GENERICO,0.0,10.0,1.0,2025-10-28 17:39:34,13,10,Primavera
106087,ENALAPRIL 20MG TAB CJAX100UND,PORTUGAL GENERICO,0.0,10.0,1.0,2025-10-28 21:47:56,9,10,Primavera
106087,ENALAPRIL 20MG TAB CJAX100UND,PORTUGAL GENERICO,0.0,20.0,1.8,2025-10-29 22:56:31,1,10,Primavera
106087,ENALAPRIL 20MG TAB CJAX100UND,PORTUGAL GENERICO,0.0,10.0,1.0,2025-10-30 11:15:14,15,10,Primavera
106087,ENALAPRIL 20MG TAB CJAX100UND,PORTUGAL GENERICO,0.0,10.0,1.0,2025-10-30 19:13:24,1,10,Primavera
106087,ENALAPRIL 20MG TAB CJAX100UND,PORTUGAL GENERICO,0.0,20.0,2.0,2025-10-31 16:01:00,11,10,Primavera
106087,ENALAPRIL 20MG TAB CJAX100UND,PORTUGAL GENERICO,0.0,10.0,1.0,2025-10-31 20:20:50,13,10,Primavera
106087,ENALAPRIL 20MG TAB CJAX100UND,PORTUGAL GENERICO,0.0,30.0,3.0,2025-11-01 19:07:14,9,11,Primavera
106087,ENALAPRIL 20MG TAB CJAX100UND,PORTUGAL GENERICO,1.0,0.0,10.0,2025-11-02 19:56:51,3,11,Primavera
106087,ENALAPRIL 20MG TAB CJAX100UND,PORTUGAL GENERICO,0.0,50.0,5.0,2025-11-03 16:14:12,2,11,Primavera
106087,ENALAPRIL 20MG TAB CJAX100UND,PORTUGAL GENERICO,0.0,50.0,5.0,2025-11-03 16:15:21,2,11,Primavera
106087,ENALAPRIL 20MG TAB CJAX100UND,PORTUGAL GENERICO,0.0,50.0,5.0,2025-11-06 18:11:48,15,11,Primavera
106087,ENALAPRIL 20MG TAB CJAX100UND,PORTUGAL GENERICO,0.0,30.0,3.0,2025-11-06 21:50:58,12,11,Primavera
106087,ENALAPRIL 20MG TAB CJAX100UND,PORTUGAL GENERICO,0.0,20.0,2.0,2025-11-07 17:04:15,2,11,Primavera
106087,ENALAPRIL 20MG TAB CJAX100UND,PORTUGAL GENERICO,0.0,20.0,2.0,2025-11-07 17:05:32,2,11,Primavera
106087,ENALAPRIL 20MG TAB CJAX100UND,PORTUGAL GENERICO,0.0,10.0,1.0,2025-11-08 17:01:07,11,11,Primavera
106087,ENALAPRIL 20MG TAB CJAX100UND,PORTUGAL GENERICO,0.0,10.0,1.0,2025-11-09 09:09:22,12,11,Primavera
106087,ENALAPRIL 20MG TAB CJAX100UND,PORTUGAL GENERICO,1.0,0.0,10.0,2025-11-10 20:28:47,16,11,Primavera
106087,ENALAPRIL 20MG TAB CJAX100UND,PORTUGAL GENERICO,0.0,10.0,1.0,2025-11-10 21:41:01,7,11,Primavera
106087,ENALAPRIL 20MG TAB CJAX100UND,PORTUGAL GENERICO,1.0,0.0,9.5,2025-11-11 21:42:01,1,11,Primavera
106087,ENALAPRIL 20MG TAB CJAX100UND,PORTUGAL GENERICO,1.0,0.0,9.5,2025-11-13 12:54:06,3,11,Primavera
106087,ENALAPRIL 20MG TAB CJAX100UND,PORTUGAL GENERICO,0.0,60.0,6.0,2025-11-13 20:04:54,10,11,Primavera
106087,ENALAPRIL 20MG TAB CJAX100UND,PORTUGAL GENERICO,0.0,20.0,2.0,2025-11-14 16:19:45,1,11,Primavera
106087,ENALAPRIL 20MG TAB CJAX100UND,PORTUGAL GENERICO,1.0,0.0,10.0,2025-11-14 19:46:40,8,11,Primavera
106087,ENALAPRIL 20MG TAB CJAX100UND,PORTUGAL GENERICO,1.0,0.0,10.0,2025-11-16 08:19:18,13,11,Primavera
106087,ENALAPRIL 20MG TAB CJAX100UND,PORTUGAL GENERICO,0.0,10.0,1.0,2025-11-17 15:22:42,13,11,Primavera
106087,ENALAPRIL 20MG TAB CJAX100UND,PORTUGAL GENERICO,0.0,10.0,1.0,2025-11-17 16:43:32,8,11,Primavera
106087,ENALAPRIL 20MG TAB CJAX100UND,PORTUGAL GENERICO,0.0,10.0,1.0,2025-11-18 22:16:50,7,11,Primavera
106087,ENALAPRIL 20MG TAB CJAX100UND,PORTUGAL GENERICO,1.0,0.0,10.0,2025-11-20 08:25:07,2,11,Primavera
106087,ENALAPRIL 20MG TAB CJAX100UND,PORTUGAL GENERICO,0.0,20.0,2.0,2025-11-20 13:52:11,15,11,Primavera
106087,ENALAPRIL 20MG TAB CJAX100UND,PORTUGAL GENERICO,1.0,0.0,10.0,2025-11-20 21:32:50,1,11,Primavera
106087,ENALAPRIL 20MG TAB CJAX100UND,PORTUGAL GENERICO,0.0,10.0,1.0,2025-11-21 13:52:40,9,11,Primavera
106087,ENALAPRIL 20MG TAB CJAX100UND,PORTUGAL GENERICO,1.0,0.0,10.0,2025-11-21 19:47:27,2,11,Primavera
106087,ENALAPRIL 20MG TAB CJAX100UND,PORTUGAL GENERICO,0.0,30.0,3.0,2025-11-22 20:58:06,7,11,Primavera
106087,ENALAPRIL 20MG TAB CJAX100UND,PORTUGAL GENERICO,0.0,20.0,2.0,2025-11-23 14:55:15,8,11,Primavera
106087,ENALAPRIL 20MG TAB CJAX100UND,PORTUGAL GENERICO,0.0,10.0,1.0,2025-11-23 14:57:56,8,11,Primavera
106087,ENALAPRIL 20MG TAB CJAX100UND,PORTUGAL GENERICO,1.0,0.0,10.0,2025-11-24 11:57:06,1,11,Primavera
106087,ENALAPRIL 20MG TAB CJAX100UND,PORTUGAL GENERICO,0.0,10.0,1.0,2025-11-24 20:38:47,12,11,Primavera
106087,ENALAPRIL 20MG TAB CJAX100UND,PORTUGAL GENERICO,0.0,10.0,1.0,2025-11-26 07:54:16,1,11,Primavera
106087,ENALAPRIL 20MG TAB CJAX100UND,PORTUGAL GENERICO,0.0,20.0,2.0,2025-11-26 17:48:37,8,11,Primavera
106087,ENALAPRIL 20MG TAB CJAX100UND,PORTUGAL GENERICO,0.0,20.0,2.0,2025-11-27 21:51:58,12,11,Primavera
106087,ENALAPRIL 20MG TAB CJAX100UND,PORTUGAL GENERICO,1.0,0.0,10.0,2025-11-28 10:09:43,16,11,Primavera
106087,ENALAPRIL 20MG TAB CJAX100UND,PORTUGAL GENERICO,0.0,10.0,1.0,2025-11-29 10:26:52,7,11,Primavera
106087,ENALAPRIL 20MG TAB CJAX100UND,PORTUGAL GENERICO,0.0,20.0,2.0,2025-11-30 19:40:26,3,11,Primavera
106087,ENALAPRIL 20MG TAB CJAX100UND,PORTUGAL GENERICO,0.0,1.0,0.1,2025-12-01 10:16:20,13,12,Verano
106087,ENALAPRIL 20MG TAB CJAX100UND,PORTUGAL GENERICO,0.0,20.0,2.0,2025-12-02 18:18:06,10,12,Verano
106087,ENALAPRIL 20MG TAB CJAX100UND,PORTUGAL GENERICO,0.0,10.0,1.0,2025-12-02 21:11:11,13,12,Verano
106087,ENALAPRIL 20MG TAB CJAX100UND,PORTUGAL GENERICO,0.0,20.0,2.0,2025-12-04 22:24:53,7,12,Verano
106087,ENALAPRIL 20MG TAB CJAX100UND,PORTUGAL GENERICO,0.0,10.0,1.0,2025-12-05 20:00:01,1,12,Verano
106087,ENALAPRIL 20MG TAB CJAX100UND,PORTUGAL GENERICO,0.0,10.0,1.0,2025-12-05 20:17:52,3,12,Verano
106087,ENALAPRIL 20MG TAB CJAX100UND,PORTUGAL GENERICO,0.0,20.0,2.0,2025-12-07 14:12:53,16,12,Verano
106087,ENALAPRIL 20MG TAB CJAX100UND,PORTUGAL GENERICO,0.0,-20.0,-2.0,2025-12-07 14:14:50,16,12,Verano
106087,ENALAPRIL 20MG TAB CJAX100UND,PORTUGAL GENERICO,0.0,10.0,1.0,2025-12-09 09:22:53,11,12,Verano
106087,ENALAPRIL 20MG TAB CJAX100UND,PORTUGAL GENERICO,0.0,10.0,1.0,2025-12-09 16:13:09,10,12,Verano
106087,ENALAPRIL 20MG TAB CJAX100UND,PORTUGAL GENERICO,0.0,10.0,1.0,2025-12-10 19:16:24,8,12,Verano
106087,ENALAPRIL 20MG TAB CJAX100UND,PORTUGAL GENERICO,0.0,10.0,1.0,2025-12-12 18:16:47,9,12,Verano
106087,ENALAPRIL 20MG TAB CJAX100UND,PORTUGAL GENERICO,0.0,100.0,10.0,2025-12-12 22:09:01,12,12,Verano
106087,ENALAPRIL 20MG TAB CJAX100UND,PORTUGAL GENERICO,0.0,20.0,2.0,2025-12-12 22:47:50,7,12,Verano
106087,ENALAPRIL 20MG TAB CJAX100UND,PORTUGAL GENERICO,0.0,10.0,1.0,2025-12-13 18:22:03,13,12,Verano
106087,ENALAPRIL 20MG TAB CJAX100UND,PORTUGAL GENERICO,0.0,10.0,1.0,2025-12-13 20:12:03,3,12,Verano
106087,ENALAPRIL 20MG TAB CJAX100UND,PORTUGAL GENERICO,0.0,10.0,1.0,2025-12-15 20:23:18,9,12,Verano
106087,ENALAPRIL 20MG TAB CJAX100UND,PORTUGAL GENERICO,0.0,10.0,1.0,2025-12-16 19:00:18,12,12,Verano
106087,ENALAPRIL 20MG TAB CJAX100UND,PORTUGAL GENERICO,0.0,20.0,2.0,2025-12-16 20:28:55,3,12,Verano
106087,ENALAPRIL 20MG TAB CJAX100UND,PORTUGAL GENERICO,0.0,10.0,1.0,2025-12-17 18:34:22,11,12,Verano
106087,ENALAPRIL 20MG TAB CJAX100UND,PORTUGAL GENERICO,0.0,20.0,2.0,2025-12-19 11:29:28,1,12,Verano
106087,ENALAPRIL 20MG TAB CJAX100UND,PORTUGAL GENERICO,0.0,50.0,5.0,2025-12-21 13:29:58,3,12,Verano
106087,ENALAPRIL 20MG TAB CJAX100UND,PORTUGAL GENERICO,0.0,20.0,1.61,2025-12-21 18:43:52,1,12,Verano
106087,ENALAPRIL 20MG TAB CJAX100UND,PORTUGAL GENERICO,0.0,10.0,1.0,2025-12-21 19:09:27,11,12,Verano
106087,ENALAPRIL 20MG TAB CJAX100UND,PORTUGAL GENERICO,0.0,10.0,1.0,2025-12-22 15:06:16,9,12,Verano
106087,ENALAPRIL 20MG TAB CJAX100UND,PORTUGAL GENERICO,0.0,30.0,3.0,2025-12-23 18:23:55,1,12,Verano
106087,ENALAPRIL 20MG TAB CJAX100UND,PORTUGAL GENERICO,0.0,20.0,2.0,2025-12-24 18:17:30,7,12,Verano
106087,ENALAPRIL 20MG TAB CJAX100UND,PORTUGAL GENERICO,0.0,10.0,1.0,2025-12-25 12:51:31,8,12,Verano
106087,ENALAPRIL 20MG TAB CJAX100UND,PORTUGAL GENERICO,0.0,10.0,1.0,2025-12-25 20:39:38,15,12,Verano
106087,ENALAPRIL 20MG TAB CJAX100UND,PORTUGAL GENERICO,1.0,0.0,10.0,2025-12-26 11:39:38,10,12,Verano
106087,ENALAPRIL 20MG TAB CJAX100UND,PORTUGAL GENERICO,-1.0,0.0,-10.0,2025-12-26 11:43:45,10,12,Verano
106087,ENALAPRIL 20MG TAB CJAX100UND,PORTUGAL GENERICO,0.0,10.0,1.0,2025-12-28 20:49:28,12,12,Verano
106087,ENALAPRIL 20MG TAB CJAX100UND,PORTUGAL GENERICO,0.0,100.0,10.0,2025-12-29 16:04:16,1,12,Verano
106087,ENALAPRIL 20MG TAB CJAX100UND,PORTUGAL GENERICO,0.0,20.0,2.0,2025-12-30 13:31:42,8,12,Verano
106087,ENALAPRIL 20MG TAB CJAX100UND,PORTUGAL GENERICO,0.0,10.0,1.0,2025-12-30 18:05:17,10,12,Verano
106087,ENALAPRIL 20MG TAB CJAX100UND,PORTUGAL GENERICO,0.0,10.0,1.0,2025-12-30 21:06:50,11,12,Verano
106087,ENALAPRIL 20MG TAB CJAX100UND,PORTUGAL GENERICO,0.0,10.0,1.0,2025-12-31 19:09:40,13,12,Verano
106087,ENALAPRIL 20MG TAB CJAX100UND,PORTUGAL GENERICO,0.0,15.0,1.5,2025-12-31 21:49:10,3,12,Verano
106087,ENALAPRIL 20MG TAB CJAX100UND,PORTUGAL GENERICO,0.0,10.0,1.0,2026-01-02 15:51:35,10,1,Verano
106087,ENALAPRIL 20MG TAB CJAX100UND,PORTUGAL GENERICO,0.0,10.0,1.0,2026-01-02 19:27:11,8,1,Verano
106087,ENALAPRIL 20MG TAB CJAX100UND,PORTUGAL GENERICO,0.0,10.0,1.0,2026-01-03 09:49:24,11,1,Verano
106087,ENALAPRIL 20MG TAB CJAX100UND,PORTUGAL GENERICO,0.0,20.0,2.0,2026-01-03 18:43:08,8,1,Verano
106087,ENALAPRIL 20MG TAB CJAX100UND,PORTUGAL GENERICO,0.0,10.0,1.0,2026-01-03 20:28:34,8,1,Verano
106087,ENALAPRIL 20MG TAB CJAX100UND,PORTUGAL GENERICO,0.0,10.0,1.0,2026-01-04 20:55:57,12,1,Verano
106087,ENALAPRIL 20MG TAB CJAX100UND,PORTUGAL GENERICO,0.0,10.0,1.0,2026-01-06 14:58:21,3,1,Verano
106087,ENALAPRIL 20MG TAB CJAX100UND,PORTUGAL GENERICO,0.0,30.0,3.0,2026-01-06 15:37:05,7,1,Verano
106087,ENALAPRIL 20MG TAB CJAX100UND,PORTUGAL GENERICO,0.0,50.0,5.0,2026-01-06 21:44:56,12,1,Verano
106087,ENALAPRIL 20MG TAB CJAX100UND,PORTUGAL GENERICO,0.0,10.0,1.0,2026-01-07 09:28:16,8,1,Verano
106087,ENALAPRIL 20MG TAB CJAX100UND,PORTUGAL GENERICO,0.0,20.0,2.0,2026-01-07 22:29:45,7,1,Verano
106087,ENALAPRIL 20MG TAB CJAX100UND,PORTUGAL GENERICO,0.0,10.0,1.0,2026-01-09 09:37:25,12,1,Verano
106087,ENALAPRIL 20MG TAB CJAX100UND,PORTUGAL GENERICO,0.0,10.0,1.0,2026-01-09 19:41:26,11,1,Verano
106087,ENALAPRIL 20MG TAB CJAX100UND,PORTUGAL GENERICO,0.0,20.0,2.0,2026-01-09 21:47:03,7,1,Verano
106087,ENALAPRIL 20MG TAB CJAX100UND,PORTUGAL GENERICO,0.0,10.0,1.0,2026-01-10 14:14:59,13,1,Verano
106087,ENALAPRIL 20MG TAB CJAX100UND,PORTUGAL GENERICO,0.0,20.0,2.0,2026-01-10 15:42:52,1,1,Verano
106087,ENALAPRIL 20MG TAB CJAX100UND,PORTUGAL GENERICO,0.0,30.0,3.0,2026-01-11 09:53:16,3,1,Verano
106087,ENALAPRIL 20MG TAB CJAX100UND,PORTUGAL GENERICO,0.0,10.0,1.0,2026-01-12 10:41:13,11,1,Verano
106087,ENALAPRIL 20MG TAB CJAX100UND,PORTUGAL GENERICO,0.0,10.0,1.0,2026-01-12 20:21:58,3,1,Verano
106087,ENALAPRIL 20MG TAB CJAX100UND,PORTUGAL GENERICO,0.0,20.0,2.0,2026-01-12 23:34:55,10,1,Verano
106087,ENALAPRIL 20MG TAB CJAX100UND,PORTUGAL GENERICO,0.0,10.0,1.0,2026-01-13 09:57:41,12,1,Verano
106087,ENALAPRIL 20MG TAB CJAX100UND,PORTUGAL GENERICO,0.0,20.0,2.0,2026-01-13 13:03:02,9,1,Verano
106087,ENALAPRIL 20MG TAB CJAX100UND,PORTUGAL GENERICO,0.0,10.0,1.0,2026-01-14 10:23:06,9,1,Verano
106087,ENALAPRIL 20MG TAB CJAX100UND,PORTUGAL GENERICO,0.0,30.0,3.0,2026-01-16 19:29:04,3,1,Verano
106087,ENALAPRIL 20MG TAB CJAX100UND,PORTUGAL GENERICO,0.0,10.0,1.0,2026-01-17 21:57:39,17,1,Verano
106087,ENALAPRIL 20MG TAB CJAX100UND,PORTUGAL GENERICO,0.0,20.0,1.61,2026-01-18 19:05:01,2,1,Verano
106087,ENALAPRIL 20MG TAB CJAX100UND,PORTUGAL GENERICO,0.0,20.0,2.0,2026-01-19 10:56:16,1,1,Verano
106087,ENALAPRIL 20MG TAB CJAX100UND,PORTUGAL GENERICO,0.0,10.0,1.0,2026-01-19 12:41:48,3,1,Verano
106087,ENALAPRIL 20MG TAB CJAX100UND,PORTUGAL GENERICO,0.0,10.0,1.0,2026-01-19 12:42:43,3,1,Verano
106087,ENALAPRIL 20MG TAB CJAX100UND,PORTUGAL GENERICO,0.0,10.0,1.0,2026-01-19 20:06:34,9,1,Verano
106087,ENALAPRIL 20MG TAB CJAX100UND,PORTUGAL GENERICO,0.0,10.0,1.0,2026-01-20 08:50:51,2,1,Verano
106087,ENALAPRIL 20MG TAB CJAX100UND,PORTUGAL GENERICO,0.0,10.0,1.0,2026-01-21 20:20:03,1,1,Verano
106087,ENALAPRIL 20MG TAB CJAX100UND,PORTUGAL GENERICO,0.0,5.0,0.5,2026-01-21 21:12:37,13,1,Verano
106087,ENALAPRIL 20MG TAB CJAX100UND,PORTUGAL GENERICO,1.0,0.0,10.0,2026-01-22 09:42:23,12,1,Verano
106087,ENALAPRIL 20MG TAB CJAX100UND,PORTUGAL GENERICO,-1.0,0.0,-10.0,2026-01-22 09:43:33,12,1,Verano
106087,ENALAPRIL 20MG TAB CJAX100UND,PORTUGAL GENERICO,1.0,0.0,10.0,2026-01-22 09:44:45,12,1,Verano
106087,ENALAPRIL 20MG TAB CJAX100UND,PORTUGAL GENERICO,0.0,10.0,1.0,2026-01-22 11:06:22,9,1,Verano
106087,ENALAPRIL 20MG TAB CJAX100UND,PORTUGAL GENERICO,0.0,10.0,1.0,2026-01-23 18:13:22,9,1,Verano
106087,ENALAPRIL 20MG TAB CJAX100UND,PORTUGAL GENERICO,0.0,10.0,1.0,2026-01-24 10:38:28,8,1,Verano
106087,ENALAPRIL 20MG TAB CJAX100UND,PORTUGAL GENERICO,0.0,10.0,1.0,2026-01-24 23:14:31,7,1,Verano
106087,ENALAPRIL 20MG TAB CJAX100UND,PORTUGAL GENERICO,0.0,5.0,0.5,2026-01-26 19:52:54,13,1,Verano
106087,ENALAPRIL 20MG TAB CJAX100UND,PORTUGAL GENERICO,0.0,10.0,1.0,2026-01-27 20:50:59,3,1,Verano
106087,ENALAPRIL 20MG TAB CJAX100UND,PORTUGAL GENERICO,0.0,30.0,3.0,2026-01-27 22:21:49,7,1,Verano
106087,ENALAPRIL 20MG TAB CJAX100UND,PORTUGAL GENERICO,0.0,20.0,2.0,2026-01-28 16:06:06,3,1,Verano
106087,ENALAPRIL 20MG TAB CJAX100UND,PORTUGAL GENERICO,0.0,10.0,1.0,2026-01-28 20:52:05,9,1,Verano
106087,ENALAPRIL 20MG TAB CJAX100UND,PORTUGAL GENERICO,0.0,10.0,0.95,2026-01-29 22:24:56,2,1,Verano
106087,ENALAPRIL 20MG TAB CJAX100UND,PORTUGAL GENERICO,0.0,30.0,3.0,2026-01-31 19:23:18,9,1,Verano
106087,ENALAPRIL 20MG TAB CJAX100UND,PORTUGAL GENERICO,0.0,30.0,3.0,2026-02-01 18:42:48,2,2,Verano
106087,ENALAPRIL 20MG TAB CJAX100UND,PORTUGAL GENERICO,0.0,30.0,3.0,2026-02-01 19:57:24,3,2,Verano
106087,ENALAPRIL 20MG TAB CJAX100UND,PORTUGAL GENERICO,0.0,10.0,1.0,2026-02-02 10:36:29,9,2,Verano
106087,ENALAPRIL 20MG TAB CJAX100UND,PORTUGAL GENERICO,0.0,20.0,1.79,2026-02-02 18:48:54,2,2,Verano
106087,ENALAPRIL 20MG TAB CJAX100UND,PORTUGAL GENERICO,0.0,10.0,1.0,2026-02-02 19:21:51,1,2,Verano
106087,ENALAPRIL 20MG TAB CJAX100UND,PORTUGAL GENERICO,0.0,10.0,1.0,2026-02-03 13:16:27,8,2,Verano
106087,ENALAPRIL 20MG TAB CJAX100UND,PORTUGAL GENERICO,1.0,0.0,10.0,2026-02-05 08:17:36,12,2,Verano
106087,ENALAPRIL 20MG TAB CJAX100UND,PORTUGAL GENERICO,0.0,100.0,10.0,2026-02-05 08:50:51,9,2,Verano
106087,ENALAPRIL 20MG TAB CJAX100UND,PORTUGAL GENERICO,1.0,0.0,10.0,2026-02-05 20:10:45,16,2,Verano
106087,ENALAPRIL 20MG TAB CJAX100UND,PORTUGAL GENERICO,0.0,20.0,2.0,2026-02-06 18:41:55,12,2,Verano
106087,ENALAPRIL 20MG TAB CJAX100UND,PORTUGAL GENERICO,0.0,30.0,3.0,2026-02-06 19:38:51,10,2,Verano
106087,ENALAPRIL 20MG TAB CJAX100UND,PORTUGAL GENERICO,0.0,30.0,3.0,2026-02-06 21:45:27,7,2,Verano
106087,ENALAPRIL 20MG TAB CJAX100UND,PORTUGAL GENERICO,2.0,0.0,19.0,2026-02-07 17:47:20,13,2,Verano
106087,ENALAPRIL 20MG TAB CJAX100UND,PORTUGAL GENERICO,0.0,10.0,1.0,2026-02-08 09:41:19,9,2,Verano
106087,ENALAPRIL 20MG TAB CJAX100UND,PORTUGAL GENERICO,0.0,10.0,1.0,2026-02-08 18:51:07,17,2,Verano
106087,ENALAPRIL 20MG TAB CJAX100UND,PORTUGAL GENERICO,0.0,10.0,1.0,2026-02-09 08:25:13,17,2,Verano
106087,ENALAPRIL 20MG TAB CJAX100UND,PORTUGAL GENERICO,0.0,20.0,2.0,2026-02-09 10:05:57,3,2,Verano
106087,ENALAPRIL 20MG TAB CJAX100UND,PORTUGAL GENERICO,0.0,10.0,1.0,2026-02-10 16:07:03,8,2,Verano
106087,ENALAPRIL 20MG TAB CJAX100UND,PORTUGAL GENERICO,0.0,10.0,1.0,2026-02-12 17:04:55,15,2,Verano
106087,ENALAPRIL 20MG TAB CJAX100UND,PORTUGAL GENERICO,0.0,10.0,1.0,2026-02-13 16:40:06,2,2,Verano
106087,ENALAPRIL 20MG TAB CJAX100UND,PORTUGAL GENERICO,0.0,20.0,2.0,2026-02-14 17:20:00,1,2,Verano
106087,ENALAPRIL 20MG TAB CJAX100UND,PORTUGAL GENERICO,0.0,20.0,2.0,2026-02-14 18:47:52,2,2,Verano
106087,ENALAPRIL 20MG TAB CJAX100UND,PORTUGAL GENERICO,0.0,10.0,1.0,2026-02-14 20:08:51,13,2,Verano
106087,ENALAPRIL 20MG TAB CJAX100UND,PORTUGAL GENERICO,0.0,10.0,1.0,2026-02-15 10:05:52,11,2,Verano
106087,ENALAPRIL 20MG TAB CJAX100UND,PORTUGAL GENERICO,0.0,10.0,1.0,2026-02-15 10:06:30,11,2,Verano
106087,ENALAPRIL 20MG TAB CJAX100UND,PORTUGAL GENERICO,0.0,10.0,1.0,2026-02-15 16:59:09,10,2,Verano
106087,ENALAPRIL 20MG TAB CJAX100UND,PORTUGAL GENERICO,0.0,20.0,2.0,2026-02-15 21:41:09,18,2,Verano
106087,ENALAPRIL 20MG TAB CJAX100UND,PORTUGAL GENERICO,0.0,30.0,3.0,2026-02-15 22:16:23,7,2,Verano
106087,ENALAPRIL 20MG TAB CJAX100UND,PORTUGAL GENERICO,0.0,10.0,1.0,2026-02-16 17:52:44,8,2,Verano
106087,ENALAPRIL 20MG TAB CJAX100UND,PORTUGAL GENERICO,0.0,20.0,2.0,2026-02-16 20:45:24,17,2,Verano
106087,ENALAPRIL 20MG TAB CJAX100UND,PORTUGAL GENERICO,0.0,10.0,1.0,2026-02-17 18:12:17,10,2,Verano
106087,ENALAPRIL 20MG TAB CJAX100UND,PORTUGAL GENERICO,0.0,10.0,1.0,2026-02-17 22:25:02,10,2,Verano
106087,ENALAPRIL 20MG TAB CJAX100UND,PORTUGAL GENERICO,0.0,19.0,1.9,2026-02-19 13:24:53,13,2,Verano
106087,ENALAPRIL 20MG TAB CJAX100UND,PORTUGAL GENERICO,0.0,80.0,8.0,2026-02-19 17:05:49,2,2,Verano
106087,ENALAPRIL 20MG TAB CJAX100UND,PORTUGAL GENERICO,0.0,10.0,1.0,2026-02-20 09:30:34,11,2,Verano
106087,ENALAPRIL 20MG TAB CJAX100UND,PORTUGAL GENERICO,0.0,10.0,1.0,2026-02-20 11:26:40,12,2,Verano
106087,ENALAPRIL 20MG TAB CJAX100UND,PORTUGAL GENERICO,0.0,10.0,1.0,2026-02-20 23:38:14,10,2,Verano
106087,ENALAPRIL 20MG TAB CJAX100UND,PORTUGAL GENERICO,0.0,10.0,1.0,2026-02-21 10:25:57,18,2,Verano
106087,ENALAPRIL 20MG TAB CJAX100UND,PORTUGAL GENERICO,1.0,0.0,10.0,2026-02-21 17:31:19,12,2,Verano
106087,ENALAPRIL 20MG TAB CJAX100UND,PORTUGAL GENERICO,0.0,10.0,1.0,2026-02-21 20:54:22,8,2,Verano
106087,ENALAPRIL 20MG TAB CJAX100UND,PORTUGAL GENERICO,0.0,10.0,1.0,2026-02-21 22:20:59,7,2,Verano
106087,ENALAPRIL 20MG TAB CJAX100UND,PORTUGAL GENERICO,1.0,0.0,10.0,2026-02-22 15:28:28,17,2,Verano
106087,ENALAPRIL 20MG TAB CJAX100UND,PORTUGAL GENERICO,0.0,10.0,1.0,2026-02-22 18:42:16,8,2,Verano
106087,ENALAPRIL 20MG TAB CJAX100UND,PORTUGAL GENERICO,0.0,40.0,4.0,2026-02-23 09:49:48,3,2,Verano
106087,ENALAPRIL 20MG TAB CJAX100UND,PORTUGAL GENERICO,1.0,0.0,10.0,2026-02-24 19:20:25,18,2,Verano
106087,ENALAPRIL 20MG TAB CJAX100UND,PORTUGAL GENERICO,0.0,20.0,2.0,2026-02-25 10:36:58,7,2,Verano
106087,ENALAPRIL 20MG TAB CJAX100UND,PORTUGAL GENERICO,0.0,10.0,1.0,2026-02-25 19:09:05,18,2,Verano
106087,ENALAPRIL 20MG TAB CJAX100UND,PORTUGAL GENERICO,1.0,0.0,10.0,2026-02-25 21:12:21,1,2,Verano
106087,ENALAPRIL 20MG TAB CJAX100UND,PORTUGAL GENERICO,0.0,10.0,1.0,2026-02-26 11:25:50,18,2,Verano
106087,ENALAPRIL 20MG TAB CJAX100UND,PORTUGAL GENERICO,1.0,0.0,10.0,2026-02-27 13:49:52,1,2,Verano
106087,ENALAPRIL 20MG TAB CJAX100UND,PORTUGAL GENERICO,0.0,30.0,3.0,2026-02-27 19:19:20,8,2,Verano
106087,ENALAPRIL 20MG TAB CJAX100UND,PORTUGAL GENERICO,0.0,50.0,5.0,2026-02-28 16:34:30,15,2,Verano
106087,ENALAPRIL 20MG TAB CJAX100UND,PORTUGAL GENERICO,0.0,10.0,1.0,2026-02-28 19:59:44,15,2,Verano
106087,ENALAPRIL 20MG TAB CJAX100UND,PORTUGAL GENERICO,0.0,10.0,1.0,2026-03-02 21:25:52,1,3,Otoño
106087,ENALAPRIL 20MG TAB CJAX100UND,PORTUGAL GENERICO,0.0,10.0,1.0,2026-03-03 09:04:37,11,3,Otoño
106087,ENALAPRIL 20MG TAB CJAX100UND,PORTUGAL GENERICO,0.0,20.0,2.0,2026-03-04 12:25:30,16,3,Otoño
106087,ENALAPRIL 20MG TAB CJAX100UND,PORTUGAL GENERICO,0.0,10.0,1.0,2026-03-04 18:42:06,8,3,Otoño
106087,ENALAPRIL 20MG TAB CJAX100UND,PORTUGAL GENERICO,0.0,40.0,4.0,2026-03-04 21:04:20,2,3,Otoño
106087,ENALAPRIL 20MG TAB CJAX100UND,PORTUGAL GENERICO,0.0,50.0,5.0,2026-03-05 16:26:59,1,3,Otoño
106087,ENALAPRIL 20MG TAB CJAX100UND,PORTUGAL GENERICO,0.0,80.0,8.0,2026-03-08 20:32:43,8,3,Otoño
106087,ENALAPRIL 20MG TAB CJAX100UND,PORTUGAL GENERICO,0.0,80.0,8.0,2026-03-11 12:16:27,3,3,Otoño
106087,ENALAPRIL 20MG TAB CJAX100UND,PORTUGAL GENERICO,0.0,40.0,4.0,2026-03-11 15:42:39,15,3,Otoño
106087,ENALAPRIL 20MG TAB CJAX100UND,PORTUGAL GENERICO,0.0,20.0,2.0,2026-03-11 19:01:56,18,3,Otoño
106087,ENALAPRIL 20MG TAB CJAX100UND,PORTUGAL GENERICO,0.0,40.0,4.0,2026-03-12 13:37:31,16,3,Otoño
106087,ENALAPRIL 20MG TAB CJAX100UND,PORTUGAL GENERICO,0.0,10.0,1.0,2026-03-16 07:40:06,12,3,Otoño
106087,ENALAPRIL 20MG TAB CJAX100UND,PORTUGAL GENERICO,0.0,10.0,1.0,2026-03-16 11:14:40,3,3,Otoño
106087,ENALAPRIL 20MG TAB CJAX100UND,PORTUGAL GENERICO,0.0,10.0,1.0,2026-03-18 07:40:24,19,3,Otoño
106087,ENALAPRIL 20MG TAB CJAX100UND,PORTUGAL GENERICO,0.0,10.0,1.0,2026-03-18 17:12:01,17,3,Otoño
106087,ENALAPRIL 20MG TAB CJAX100UND,PORTUGAL GENERICO,0.0,10.0,1.0,2026-03-21 07:52:28,18,3,Otoño
106087,ENALAPRIL 20MG TAB CJAX100UND,PORTUGAL GENERICO,0.0,10.0,1.0,2026-03-21 07:54:59,18,3,Otoño
106087,ENALAPRIL 20MG TAB CJAX100UND,PORTUGAL GENERICO,0.0,-10.0,-1.0,2026-03-21 07:55:45,18,3,Otoño
106087,ENALAPRIL 20MG TAB CJAX100UND,PORTUGAL GENERICO,0.0,10.0,1.0,2026-03-22 08:36:46,2,3,Otoño
106087,ENALAPRIL 20MG TAB CJAX100UND,PORTUGAL GENERICO,0.0,10.0,1.0,2026-03-22 21:24:23,3,3,Otoño
106087,ENALAPRIL 20MG TAB CJAX100UND,PORTUGAL GENERICO,0.0,60.0,6.0,2026-03-23 10:21:36,8,3,Otoño
106087,ENALAPRIL 20MG TAB CJAX100UND,PORTUGAL GENERICO,0.0,-60.0,-6.0,2026-03-23 15:56:35,8,3,Otoño
106087,ENALAPRIL 20MG TAB CJAX100UND,PORTUGAL GENERICO,0.0,20.0,2.0,2026-03-23 15:58:47,8,3,Otoño
106087,ENALAPRIL 20MG TAB CJAX100UND,PORTUGAL GENERICO,0.0,20.0,2.0,2026-03-23 19:55:36,19,3,Otoño
106087,ENALAPRIL 20MG TAB CJAX100UND,PORTUGAL GENERICO,0.0,10.0,1.0,2026-03-24 20:25:11,8,3,Otoño
106087,ENALAPRIL 20MG TAB CJAX100UND,PORTUGAL GENERICO,0.0,30.0,3.0,2026-03-25 19:29:49,16,3,Otoño
106087,ENALAPRIL 20MG TAB CJAX100UND,PORTUGAL GENERICO,1.0,0.0,10.0,2026-03-26 11:11:07,3,3,Otoño
106087,ENALAPRIL 20MG TAB CJAX100UND,PORTUGAL GENERICO,0.0,2.0,0.2,2026-03-26 16:28:36,17,3,Otoño
106087,ENALAPRIL 20MG TAB CJAX100UND,PORTUGAL GENERICO,0.0,10.0,1.0,2026-03-26 16:29:09,17,3,Otoño
106087,ENALAPRIL 20MG TAB CJAX100UND,PORTUGAL GENERICO,0.0,20.0,2.0,2026-03-26 16:30:47,17,3,Otoño
106087,ENALAPRIL 20MG TAB CJAX100UND,PORTUGAL GENERICO,0.0,10.0,1.0,2026-03-27 22:47:20,18,3,Otoño
106087,ENALAPRIL 20MG TAB CJAX100UND,PORTUGAL GENERICO,0.0,10.0,1.0,2026-03-29 17:16:02,17,3,Otoño
106087,ENALAPRIL 20MG TAB CJAX100UND,PORTUGAL GENERICO,0.0,20.0,2.0,2026-03-31 12:48:47,18,3,Otoño
106087,ENALAPRIL 20MG TAB CJAX100UND,PORTUGAL GENERICO,0.0,1.0,0.1,2026-04-01 07:21:00,17,4,Otoño
106087,ENALAPRIL 20MG TAB CJAX100UND,PORTUGAL GENERICO,0.0,10.0,1.0,2026-04-02 09:45:24,18,4,Otoño
106087,ENALAPRIL 20MG TAB CJAX100UND,PORTUGAL GENERICO,0.0,5.0,0.5,2026-04-03 10:37:29,3,4,Otoño
106087,ENALAPRIL 20MG TAB CJAX100UND,PORTUGAL GENERICO,0.0,10.0,1.0,2026-04-03 13:05:23,18,4,Otoño
106087,ENALAPRIL 20MG TAB CJAX100UND,PORTUGAL GENERICO,0.0,10.0,1.0,2026-04-04 08:16:06,19,4,Otoño
106087,ENALAPRIL 20MG TAB CJAX100UND,PORTUGAL GENERICO,0.0,50.0,5.0,2026-04-04 22:18:56,18,4,Otoño
106087,ENALAPRIL 20MG TAB CJAX100UND,PORTUGAL GENERICO,0.0,20.0,2.0,2026-04-08 15:39:49,17,4,Otoño
106087,ENALAPRIL 20MG TAB CJAX100UND,PORTUGAL GENERICO,0.0,20.0,2.0,2026-04-09 11:53:30,8,4,Otoño
106087,ENALAPRIL 20MG TAB CJAX100UND,PORTUGAL GENERICO,0.0,10.0,1.0,2026-04-13 14:13:50,17,4,Otoño
106087,ENALAPRIL 20MG TAB CJAX100UND,PORTUGAL GENERICO,0.0,20.0,2.0,2026-04-13 18:53:45,19,4,Otoño
106087,ENALAPRIL 20MG TAB CJAX100UND,PORTUGAL GENERICO,0.0,10.0,1.0,2026-04-17 18:33:15,17,4,Otoño
106087,ENALAPRIL 20MG TAB CJAX100UND,PORTUGAL GENERICO,0.0,10.0,1.0,2026-04-18 16:12:14,8,4,Otoño
106087,ENALAPRIL 20MG TAB CJAX100UND,PORTUGAL GENERICO,0.0,40.0,4.0,2026-04-21 21:49:45,19,4,Otoño
106087,ENALAPRIL 20MG TAB CJAX100UND,PORTUGAL GENERICO,0.0,10.0,1.0,2026-05-02 18:56:00,8,5,Otoño
106087,ENALAPRIL 20MG TAB CJAX100UND,PORTUGAL GENERICO,0.0,2.0,0.2,2026-05-05 12:55:23,17,5,Otoño
106087,ENALAPRIL 20MG TAB CJAX100UND,PORTUGAL GENERICO,0.0,10.0,1.0,2026-05-09 20:41:03,8,5,Otoño
106087,ENALAPRIL 20MG TAB CJAX100UND,PORTUGAL GENERICO,0.0,5.0,0.5,2026-05-20 12:59:24,17,5,Otoño
106087,ENALAPRIL 20MG TAB CJAX100UND,PORTUGAL GENERICO,0.0,10.0,1.0,2026-07-08 19:33:14,1,7,Invierno
106087,ENALAPRIL 20MG TAB CJAX100UND,PORTUGAL GENERICO,0.0,8.0,0.8,2026-07-11 09:09:40,19,7,Invierno
106087,ENALAPRIL 20MG TAB CJAX100UND,PORTUGAL GENERICO,0.0,30.0,3.0,2026-07-12 10:45:32,6,7,Invierno
106087,ENALAPRIL 20MG TAB CJAX100UND,PORTUGAL GENERICO,0.0,50.0,5.0,2026-07-12 18:40:13,19,7,Invierno
106087,ENALAPRIL 20MG TAB CJAX100UND,PORTUGAL GENERICO,0.0,30.0,3.0,2026-07-14 08:42:46,3,7,Invierno
106087,ENALAPRIL 20MG TAB CJAX100UND,PORTUGAL GENERICO,1.0,0.0,10.0,2026-07-14 11:58:14,16,7,Invierno
106087,ENALAPRIL 20MG TAB CJAX100UND,PORTUGAL GENERICO,0.0,10.0,1.0,2026-07-15 08:02:02,6,7,Invierno
106087,ENALAPRIL 20MG TAB CJAX100UND,PORTUGAL GENERICO,0.0,10.0,1.0,2026-07-15 10:12:04,18,7,Invierno
106087,ENALAPRIL 20MG TAB CJAX100UND,PORTUGAL GENERICO,0.0,10.0,1.0,2026-07-15 16:30:34,13,7,Invierno
106087,ENALAPRIL 20MG TAB CJAX100UND,PORTUGAL GENERICO,0.0,30.0,3.0,2026-07-15 18:16:08,2,7,Invierno
106087,ENALAPRIL 20MG TAB CJAX100UND,PORTUGAL GENERICO,0.0,10.0,1.0,2026-07-16 09:10:42,14,7,Invierno
106087,ENALAPRIL 20MG TAB CJAX100UND,PORTUGAL GENERICO,0.0,10.0,1.0,2026-07-17 19:18:39,19,7,Invierno
106087,ENALAPRIL 20MG TAB CJAX100UND,PORTUGAL GENERICO,0.0,10.0,1.0,2026-07-18 07:29:14,12,7,Invierno
106087,ENALAPRIL 20MG TAB CJAX100UND,PORTUGAL GENERICO,1.0,0.0,10.0,2026-07-18 13:11:03,15,7,Invierno
106087,ENALAPRIL 20MG TAB CJAX100UND,PORTUGAL GENERICO,0.0,10.0,1.0,2026-07-18 18:03:25,13,7,Invierno
106087,ENALAPRIL 20MG TAB CJAX100UND,PORTUGAL GENERICO,0.0,20.0,2.0,2026-07-19 09:32:14,18,7,Invierno
106087,ENALAPRIL 20MG TAB CJAX100UND,PORTUGAL GENERICO,1.0,0.0,10.0,2026-07-19 10:17:19,17,7,Invierno
106087,ENALAPRIL 20MG TAB CJAX100UND,PORTUGAL GENERICO,1.0,0.0,10.0,2026-07-19 18:35:00,5,7,Invierno
106087,ENALAPRIL 20MG TAB CJAX100UND,PORTUGAL GENERICO,0.0,10.0,1.0,2026-07-20 14:23:57,4,7,Invierno
106087,ENALAPRIL 20MG TAB CJAX100UND,PORTUGAL GENERICO,0.0,10.0,1.0,2026-07-21 18:52:39,17,7,Invierno
106087,ENALAPRIL 20MG TAB CJAX100UND,PORTUGAL GENERICO,0.0,30.0,3.0,2026-07-22 15:25:19,15,7,Invierno
106087,ENALAPRIL 20MG TAB CJAX100UND,PORTUGAL GENERICO,0.0,50.0,5.0,2026-07-22 22:20:12,5,7,Invierno
106087,ENALAPRIL 20MG TAB CJAX100UND,PORTUGAL GENERICO,0.0,10.0,1.0,2026-07-23 19:21:17,7,7,Invierno
106087,ENALAPRIL 20MG TAB CJAX100UND,PORTUGAL GENERICO,0.0,10.0,1.0,2026-07-24 17:45:08,6,7,Invierno
106087,ENALAPRIL 20MG TAB CJAX100UND,PORTUGAL GENERICO,0.0,20.0,2.0,2026-07-24 19:43:08,14,7,Invierno
106087,ENALAPRIL 20MG TAB CJAX100UND,PORTUGAL GENERICO,0.0,40.0,4.0,2026-07-24 20:38:37,7,7,Invierno
106087,ENALAPRIL 20MG TAB CJAX100UND,PORTUGAL GENERICO,0.0,10.0,1.0,2026-07-25 09:33:14,6,7,Invierno
106087,ENALAPRIL 20MG TAB CJAX100UND,PORTUGAL GENERICO,0.0,10.0,1.0,2026-07-26 15:57:36,8,7,Invierno
106087,ENALAPRIL 20MG TAB CJAX100UND,PORTUGAL GENERICO,1.0,0.0,10.0,2026-07-27 09:09:50,6,7,Invierno
106087,ENALAPRIL 20MG TAB CJAX100UND,PORTUGAL GENERICO,0.0,10.0,1.0,2026-07-28 10:34:46,19,7,Invierno
106087,ENALAPRIL 20MG TAB CJAX100UND,PORTUGAL GENERICO,0.0,20.0,2.0,2026-07-28 13:10:31,9,7,Invierno
106087,ENALAPRIL 20MG TAB CJAX100UND,PORTUGAL GENERICO,0.0,20.0,2.0,2026-07-28 13:41:48,9,7,Invierno
106087,ENALAPRIL 20MG TAB CJAX100UND,PORTUGAL GENERICO,0.0,20.0,2.0,2026-07-29 21:44:44,3,7,Invierno
106087,ENALAPRIL 20MG TAB CJAX100UND,PORTUGAL GENERICO,0.0,10.0,1.0,2026-07-30 09:40:25,12,7,Invierno
106087,ENALAPRIL 20MG TAB CJAX100UND,PORTUGAL GENERICO,0.0,10.0,1.0,2026-07-30 09:51:21,12,7,Invierno
106087,ENALAPRIL 20MG TAB CJAX100UND,PORTUGAL GENERICO,1.0,0.0,10.0,2026-07-31 11:58:04,9,7,Invierno
106087,ENALAPRIL 20MG TAB CJAX100UND,PORTUGAL GENERICO,0.0,10.0,1.0,2026-07-31 21:58:19,12,7,Invierno
