sucursal,producto,ADI,CV2,porcentaje_ceros,clasificacion_demanda,grupo_demanda,n_semanas,n_semanas_demanda_positiva,media_demanda_positiva,desviacion_demanda_positiva,periodo_clasificacion,inicio_train,fin_train,CV2_estimable,intervalo_ceros,en_poblacion_comun
1,AMOXICILINA 500MG,82.0,,98.78048780487805,positivas_insuficientes,mayor_intermitencia,82,1,1.0,,TRAIN anterior a 2026-01-01,2024-06-09,2025-12-28,False,Q3,True
1,AZITROMICINA 500MG,14.857142857142858,1.4911242603550288,93.26923076923077,lumpy,mayor_intermitencia,104,7,1.8571428571428572,2.267786838055363,TRAIN anterior a 2026-01-01,2024-01-07,2025-12-28,True,Q2,True
1,CETIRIZINA 10MG,12.125,0.09876543209876545,91.75257731958763,intermitente,mayor_intermitencia,97,8,1.125,0.3535533905932738,TRAIN anterior a 2026-01-01,2024-01-07,2025-11-09,True,,False
1,DIMENHIDRINATO 50MG,52.0,0.22222222222222227,98.07692307692307,intermitente,mayor_intermitencia,104,2,1.5,0.7071067811865476,TRAIN anterior a 2026-01-01,2024-01-07,2025-12-28,True,Q3,True
1,ENALAPRIL 10MG,4.0,0.262334693877551,75.0,intermitente,mayor_intermitencia,104,26,1.3461538461538463,0.6894814104706634,TRAIN anterior a 2026-01-01,2024-01-07,2025-12-28,True,Q1,True
1,IBUPROFENO TABX800,,,100.0,sin_demanda_positiva,sin_demanda_positiva,104,0,,,TRAIN anterior a 2026-01-01,2024-01-07,2025-12-28,False,Q3,True
1,LOPERAMIDA 2MG,101.0,,99.00990099009901,positivas_insuficientes,mayor_intermitencia,101,1,1.0,,TRAIN anterior a 2026-01-01,2024-01-28,2025-12-28,False,Q3,True
1,LORATADINA 10MG,48.5,0.0,97.9381443298969,intermitente,mayor_intermitencia,97,2,1.0,0.0,TRAIN anterior a 2026-01-01,2024-01-07,2025-11-09,True,,False
1,LOSARTAN 50MG,2.5526315789473686,0.516185279973001,60.824742268041234,lumpy,mayor_intermitencia,97,38,1.631578947368421,1.172224787768251,TRAIN anterior a 2026-01-01,2024-01-07,2025-11-09,True,,False
1,METFORMINA 850MG,5.315789473684211,0.23746380124980954,81.1881188118812,intermitente,mayor_intermitencia,101,19,1.4210526315789473,0.6924826089821247,TRAIN anterior a 2026-01-01,2024-01-28,2025-12-28,True,Q1,True
1,NAPROXENO TABX550MG,9.7,0.24943310657596376,89.69072164948454,intermitente,mayor_intermitencia,97,10,1.4,0.6992058987801011,TRAIN anterior a 2026-01-01,2024-01-07,2025-11-09,True,,False
1,OMEPRAZOL 20MG,15.0,,93.33333333333333,positivas_insuficientes,mayor_intermitencia,15,1,1.0,,TRAIN anterior a 2026-01-01,2024-11-03,2025-02-09,False,,False
1,PARACETAMOL 500MG,13.0,0.29279811097992914,92.3076923076923,intermitente,mayor_intermitencia,104,8,1.375,0.7440238091428449,TRAIN anterior a 2026-01-01,2024-01-07,2025-12-28,True,Q2,True
1,VITAMINA C+ZINC+D3,1.625,0.3030064517667823,38.46153846153847,intermitente,mayor_intermitencia,104,64,1.890625,1.0407138499416242,TRAIN anterior a 2026-01-01,2024-01-07,2025-12-28,True,Q1,True
2,AMOXICILINA 500MG,9.0,0.22222222222222227,88.88888888888889,intermitente,mayor_intermitencia,18,2,3.0,1.4142135623730951,TRAIN anterior a 2026-01-01,2025-08-31,2025-12-28,True,Q2,True
2,AZITROMICINA 500MG,104.0,,99.03846153846155,positivas_insuficientes,mayor_intermitencia,104,1,1.0,,TRAIN anterior a 2026-01-01,2024-01-07,2025-12-28,False,Q3,True
2,CETIRIZINA 10MG,16.166666666666668,0.0,93.81443298969072,intermitente,mayor_intermitencia,97,6,1.0,0.0,TRAIN anterior a 2026-01-01,2024-01-07,2025-11-09,True,,False
2,DIMENHIDRINATO 50MG,,,100.0,sin_demanda_positiva,sin_demanda_positiva,100,0,,,TRAIN anterior a 2026-01-01,2024-02-04,2025-12-28,False,Q3,True
2,ENALAPRIL 10MG,4.333333333333333,0.17036379769299023,76.92307692307693,intermitente,mayor_intermitencia,104,24,1.1666666666666667,0.4815434123430768,TRAIN anterior a 2026-01-01,2024-01-07,2025-12-28,True,Q1,True
2,IBUPROFENO TABX800,104.0,,99.03846153846155,positivas_insuficientes,mayor_intermitencia,104,1,1.0,,TRAIN anterior a 2026-01-01,2024-01-07,2025-12-28,False,Q3,True
2,LOPERAMIDA 2MG,,,,sin_historia_train,sin_historia_train,0,0,,,TRAIN anterior a 2026-01-01,,,False,,False
2,LORATADINA 10MG,48.5,0.0,97.9381443298969,intermitente,mayor_intermitencia,97,2,1.0,0.0,TRAIN anterior a 2026-01-01,2024-01-07,2025-11-09,True,,False
2,LOSARTAN 50MG,5.705882352941177,0.20187500000000003,82.4742268041237,intermitente,mayor_intermitencia,97,17,1.1764705882352942,0.5285941398709244,TRAIN anterior a 2026-01-01,2024-01-07,2025-11-09,True,,False
2,METFORMINA 850MG,6.117647058823529,0.26913988657844995,83.65384615384616,intermitente,mayor_intermitencia,104,17,1.3529411764705883,0.701888209634219,TRAIN anterior a 2026-01-01,2024-01-07,2025-12-28,True,Q1,True
2,NAPROXENO TABX550MG,10.777777777777779,0.45,90.72164948453609,intermitente,mayor_intermitencia,97,9,1.6666666666666667,1.118033988749895,TRAIN anterior a 2026-01-01,2024-01-07,2025-11-09,True,,False
2,OMEPRAZOL 20MG,17.0,,94.11764705882352,positivas_insuficientes,mayor_intermitencia,17,1,1.0,,TRAIN anterior a 2026-01-01,2024-11-03,2025-02-23,False,,False
2,PARACETAMOL 500MG,17.333333333333332,0.15000000000000005,94.23076923076923,intermitente,mayor_intermitencia,104,6,1.3333333333333333,0.5163977794943223,TRAIN anterior a 2026-01-01,2024-01-07,2025-12-28,True,Q2,True
2,VITAMINA C+ZINC+D3,1.4444444444444444,0.3536034314496622,30.76923076923077,intermitente,mayor_intermitencia,104,72,2.3472222222222223,1.3957654492637266,TRAIN anterior a 2026-01-01,2024-01-07,2025-12-28,True,Q1,True
3,AMOXICILINA 500MG,34.5,0.8888888888888891,97.10144927536231,lumpy,mayor_intermitencia,69,2,6.0,5.656854249492381,TRAIN anterior a 2026-01-01,2024-09-08,2025-12-28,True,Q2,True
3,AZITROMICINA 500MG,,,100.0,sin_demanda_positiva,sin_demanda_positiva,104,0,,,TRAIN anterior a 2026-01-01,2024-01-07,2025-12-28,False,Q3,True
3,CETIRIZINA 10MG,12.125,0.20963651732882502,91.75257731958763,intermitente,mayor_intermitencia,97,8,1.625,0.7440238091428449,TRAIN anterior a 2026-01-01,2024-01-07,2025-11-09,True,,False
3,DIMENHIDRINATO 50MG,52.0,0.0,98.07692307692307,intermitente,mayor_intermitencia,104,2,1.0,0.0,TRAIN anterior a 2026-01-01,2024-01-07,2025-12-28,True,Q3,True
3,ENALAPRIL 10MG,10.2,0.0,90.19607843137256,intermitente,mayor_intermitencia,102,10,1.0,0.0,TRAIN anterior a 2026-01-01,2024-01-21,2025-12-28,True,Q2,True
3,IBUPROFENO TABX800,,,100.0,sin_demanda_positiva,sin_demanda_positiva,104,0,,,TRAIN anterior a 2026-01-01,2024-01-07,2025-12-28,False,Q3,True
3,LOPERAMIDA 2MG,,,100.0,sin_demanda_positiva,sin_demanda_positiva,102,0,,,TRAIN anterior a 2026-01-01,2024-01-21,2025-12-28,False,Q3,True
3,LORATADINA 10MG,,,100.0,sin_demanda_positiva,sin_demanda_positiva,104,0,,,TRAIN anterior a 2026-01-01,2024-01-07,2025-12-28,False,Q3,True
3,LOSARTAN 50MG,5.473684210526316,0.19554715395925223,81.73076923076923,intermitente,mayor_intermitencia,104,19,1.2105263157894737,0.5353033790313108,TRAIN anterior a 2026-01-01,2024-01-07,2025-12-28,True,Q1,True
3,METFORMINA 850MG,12.875,0.32622198217661363,92.23300970873787,intermitente,mayor_intermitencia,103,8,2.875,1.6420805617960927,TRAIN anterior a 2026-01-01,2024-01-14,2025-12-28,True,Q2,True
3,NAPROXENO TABX550MG,26.0,0.16000000000000003,96.15384615384616,intermitente,mayor_intermitencia,104,4,1.25,0.5,TRAIN anterior a 2026-01-01,2024-01-07,2025-12-28,True,,False
3,OMEPRAZOL 20MG,,,100.0,sin_demanda_positiva,sin_demanda_positiva,27,0,,,TRAIN anterior a 2026-01-01,2024-09-15,2025-03-16,False,,False
3,PARACETAMOL 500MG,20.8,0.0,95.1923076923077,intermitente,mayor_intermitencia,104,5,1.0,0.0,TRAIN anterior a 2026-01-01,2024-01-07,2025-12-28,True,Q2,True
3,VITAMINA C+ZINC+D3,1.625,0.2629515938606848,38.46153846153847,intermitente,mayor_intermitencia,104,64,1.71875,0.8813544770895048,TRAIN anterior a 2026-01-01,2024-01-07,2025-12-28,True,Q1,True
4,AMOXICILINA 500MG,79.0,,98.73417721518987,positivas_insuficientes,mayor_intermitencia,79,1,1.0,,TRAIN anterior a 2026-01-01,2024-06-30,2025-12-28,False,Q3,True
4,AZITROMICINA 500MG,,,100.0,sin_demanda_positiva,sin_demanda_positiva,104,0,,,TRAIN anterior a 2026-01-01,2024-01-07,2025-12-28,False,Q3,True
4,CETIRIZINA 10MG,16.333333333333332,0.0,93.87755102040816,intermitente,mayor_intermitencia,98,6,1.0,0.0,TRAIN anterior a 2026-01-01,2024-01-07,2025-11-16,True,,False
4,DIMENHIDRINATO 50MG,102.0,,99.01960784313727,positivas_insuficientes,mayor_intermitencia,102,1,1.0,,TRAIN anterior a 2026-01-01,2024-01-21,2025-12-28,False,Q3,True
4,ENALAPRIL 10MG,7.357142857142857,0.1009615384615385,86.40776699029125,intermitente,mayor_intermitencia,103,14,1.1428571428571428,0.3631365196012815,TRAIN anterior a 2026-01-01,2024-01-14,2025-12-28,True,Q1,True
4,IBUPROFENO TABX800,,,100.0,sin_demanda_positiva,sin_demanda_positiva,104,0,,,TRAIN anterior a 2026-01-01,2024-01-07,2025-12-28,False,Q3,True
4,LOPERAMIDA 2MG,,,100.0,sin_demanda_positiva,sin_demanda_positiva,101,0,,,TRAIN anterior a 2026-01-01,2024-01-28,2025-12-28,False,Q3,True
4,LORATADINA 10MG,,,100.0,sin_demanda_positiva,sin_demanda_positiva,96,0,,,TRAIN anterior a 2026-01-01,2024-01-07,2025-11-02,False,,False
4,LOSARTAN 50MG,3.5555555555555554,0.17307692307692304,71.875,intermitente,mayor_intermitencia,96,27,1.3333333333333333,0.554700196225229,TRAIN anterior a 2026-01-01,2024-01-07,2025-11-02,True,,False
4,METFORMINA 850MG,8.545454545454545,0.2603550295857988,88.29787234042553,intermitente,mayor_intermitencia,94,11,1.1818181818181819,0.6030226891555273,TRAIN anterior a 2026-01-01,2024-03-17,2025-12-28,True,Q1,True
4,NAPROXENO TABX550MG,97.0,,98.96907216494846,positivas_insuficientes,mayor_intermitencia,97,1,1.0,,TRAIN anterior a 2026-01-01,2024-01-07,2025-11-09,False,,False
4,PARACETAMOL 500MG,26.0,0.16000000000000003,96.15384615384616,intermitente,mayor_intermitencia,104,4,1.25,0.5,TRAIN anterior a 2026-01-01,2024-01-07,2025-12-28,True,,False
4,VITAMINA C+ZINC+D3,1.6507936507936507,0.5070876255356097,39.42307692307692,lumpy,mayor_intermitencia,104,63,2.507936507936508,1.7859037277904972,TRAIN anterior a 2026-01-01,2024-01-07,2025-12-28,True,Q1,True
5,AMOXICILINA 500MG,21.5,0.0,95.34883720930233,intermitente,mayor_intermitencia,86,4,1.0,0.0,TRAIN anterior a 2026-01-01,2024-05-12,2025-12-28,True,Q2,True
5,AZITROMICINA 500MG,52.0,0.22222222222222227,98.07692307692307,intermitente,mayor_intermitencia,104,2,1.5,0.7071067811865476,TRAIN anterior a 2026-01-01,2024-01-07,2025-12-28,True,Q3,True
5,CETIRIZINA 10MG,12.375,0.0,91.91919191919192,intermitente,mayor_intermitencia,99,8,1.0,0.0,TRAIN anterior a 2026-01-01,2024-01-07,2025-11-23,True,,False
5,DIMENHIDRINATO 50MG,34.666666666666664,0.18749999999999997,97.11538461538461,intermitente,mayor_intermitencia,104,3,1.3333333333333333,0.5773502691896257,TRAIN anterior a 2026-01-01,2024-01-07,2025-12-28,True,Q2,True
5,ENALAPRIL 10MG,5.611111111111111,0.04986149584487535,82.17821782178217,intermitente,mayor_intermitencia,101,18,1.0555555555555556,0.23570226039551584,TRAIN anterior a 2026-01-01,2024-01-28,2025-12-28,True,Q1,True
5,IBUPROFENO TABX800,,,100.0,sin_demanda_positiva,sin_demanda_positiva,104,0,,,TRAIN anterior a 2026-01-01,2024-01-07,2025-12-28,False,Q3,True
5,LOPERAMIDA 2MG,,,,sin_historia_train,sin_historia_train,0,0,,,TRAIN anterior a 2026-01-01,,,False,,False
5,LORATADINA 10MG,,,100.0,sin_demanda_positiva,sin_demanda_positiva,97,0,,,TRAIN anterior a 2026-01-01,2024-01-07,2025-11-09,False,,False
5,LOSARTAN 50MG,3.1666666666666665,0.42400869761431004,68.42105263157895,intermitente,mayor_intermitencia,95,30,1.3666666666666667,0.8899179866642238,TRAIN anterior a 2026-01-01,2024-01-07,2025-10-26,True,,False
5,METFORMINA 850MG,5.1,0.18259935553168638,80.3921568627451,intermitente,mayor_intermitencia,102,20,1.4,0.5982430416161189,TRAIN anterior a 2026-01-01,2024-01-21,2025-12-28,True,Q1,True
5,NAPROXENO TABX550MG,14.0,0.10937500000000004,92.85714285714286,intermitente,mayor_intermitencia,98,7,1.1428571428571428,0.3779644730092273,TRAIN anterior a 2026-01-01,2024-01-07,2025-11-16,True,,False
5,OMEPRAZOL 20MG,39.0,,97.43589743589743,positivas_insuficientes,mayor_intermitencia,39,1,1.0,,TRAIN anterior a 2026-01-01,2024-12-08,2025-08-31,False,,False
5,PARACETAMOL 500MG,13.0,2.7485242030696573,92.3076923076923,lumpy,mayor_intermitencia,104,8,2.75,4.5591352563522705,TRAIN anterior a 2026-01-01,2024-01-07,2025-12-28,True,Q2,True
5,VITAMINA C+ZINC+D3,1.368421052631579,0.3455052570371853,26.923076923076923,intermitente,mayor_intermitencia,104,76,2.460526315789474,1.4462898692741066,TRAIN anterior a 2026-01-01,2024-01-07,2025-12-28,True,Q1,True
6,AMOXICILINA 500MG,73.0,,98.63013698630137,positivas_insuficientes,mayor_intermitencia,73,1,1.0,,TRAIN anterior a 2026-01-01,2024-08-11,2025-12-28,False,Q3,True
6,AZITROMICINA 500MG,104.0,,99.03846153846155,positivas_insuficientes,mayor_intermitencia,104,1,1.0,,TRAIN anterior a 2026-01-01,2024-01-07,2025-12-28,False,Q3,True
6,CETIRIZINA 10MG,48.5,0.0,97.9381443298969,intermitente,mayor_intermitencia,97,2,1.0,0.0,TRAIN anterior a 2026-01-01,2024-01-07,2025-11-09,True,,False
6,DIMENHIDRINATO 50MG,,,100.0,sin_demanda_positiva,sin_demanda_positiva,104,0,,,TRAIN anterior a 2026-01-01,2024-01-07,2025-12-28,False,Q3,True
6,ENALAPRIL 10MG,11.555555555555555,1.5612244897959184,91.34615384615384,lumpy,mayor_intermitencia,104,9,3.111111111111111,3.8873012632302006,TRAIN anterior a 2026-01-01,2024-01-07,2025-12-28,True,Q2,True
6,IBUPROFENO TABX800,,,100.0,sin_demanda_positiva,sin_demanda_positiva,104,0,,,TRAIN anterior a 2026-01-01,2024-01-07,2025-12-28,False,Q3,True
6,LOPERAMIDA 2MG,,,100.0,sin_demanda_positiva,sin_demanda_positiva,102,0,,,TRAIN anterior a 2026-01-01,2024-01-21,2025-12-28,False,Q3,True
6,LORATADINA 10MG,,,100.0,sin_demanda_positiva,sin_demanda_positiva,97,0,,,TRAIN anterior a 2026-01-01,2024-01-07,2025-11-09,False,,False
6,LOSARTAN 50MG,8.818181818181818,0.2603550295857988,88.65979381443299,intermitente,mayor_intermitencia,97,11,1.1818181818181819,0.6030226891555273,TRAIN anterior a 2026-01-01,2024-01-07,2025-11-09,True,,False
6,METFORMINA 850MG,4.7272727272727275,0.18538114834411124,78.84615384615384,intermitente,mayor_intermitencia,104,22,1.2272727272727273,0.5284134548067253,TRAIN anterior a 2026-01-01,2024-01-07,2025-12-28,True,Q1,True
6,NAPROXENO TABX550MG,,,100.0,sin_demanda_positiva,sin_demanda_positiva,97,0,,,TRAIN anterior a 2026-01-01,2024-01-07,2025-11-09,False,,False
6,OMEPRAZOL 20MG,26.0,,96.15384615384616,positivas_insuficientes,mayor_intermitencia,26,1,1.0,,TRAIN anterior a 2026-01-01,2024-11-10,2025-05-04,False,,False
6,PARACETAMOL 500MG,104.0,,99.03846153846155,positivas_insuficientes,mayor_intermitencia,104,1,1.0,,TRAIN anterior a 2026-01-01,2024-01-07,2025-12-28,False,,False
6,VITAMINA C+ZINC+D3,2.0392156862745097,0.3186238099726648,50.96153846153846,intermitente,mayor_intermitencia,104,51,2.019607843137255,1.1400034399672903,TRAIN anterior a 2026-01-01,2024-01-07,2025-12-28,True,Q1,True
7,AMOXICILINA 500MG,76.0,,98.68421052631578,positivas_insuficientes,mayor_intermitencia,76,1,1.0,,TRAIN anterior a 2026-01-01,2024-07-21,2025-12-28,False,Q3,True
7,AZITROMICINA 500MG,104.0,,99.03846153846155,positivas_insuficientes,mayor_intermitencia,104,1,1.0,,TRAIN anterior a 2026-01-01,2024-01-07,2025-12-28,False,Q3,True
7,CETIRIZINA 10MG,,,100.0,sin_demanda_positiva,sin_demanda_positiva,98,0,,,TRAIN anterior a 2026-01-01,2024-01-07,2025-11-16,False,,False
7,DIMENHIDRINATO 50MG,,,100.0,sin_demanda_positiva,sin_demanda_positiva,101,0,,,TRAIN anterior a 2026-01-01,2024-01-28,2025-12-28,False,Q3,True
7,ENALAPRIL 10MG,8.0,0.0,87.5,intermitente,mayor_intermitencia,104,13,1.0,0.0,TRAIN anterior a 2026-01-01,2024-01-07,2025-12-28,True,Q1,True
7,IBUPROFENO TABX800,,,100.0,sin_demanda_positiva,sin_demanda_positiva,104,0,,,TRAIN anterior a 2026-01-01,2024-01-07,2025-12-28,False,Q3,True
7,LOPERAMIDA 2MG,3.0,,66.66666666666666,positivas_insuficientes,mayor_intermitencia,3,1,1.0,,TRAIN anterior a 2026-01-01,2024-01-07,2024-01-21,False,,False
7,LORATADINA 10MG,,,100.0,sin_demanda_positiva,sin_demanda_positiva,96,0,,,TRAIN anterior a 2026-01-01,2024-01-07,2025-11-02,False,,False
7,LOSARTAN 50MG,9.7,0.0,89.69072164948454,intermitente,mayor_intermitencia,97,10,1.0,0.0,TRAIN anterior a 2026-01-01,2024-01-07,2025-11-09,True,,False
7,METFORMINA 850MG,17.333333333333332,0.0,94.23076923076923,intermitente,mayor_intermitencia,104,6,1.0,0.0,TRAIN anterior a 2026-01-01,2024-01-07,2025-12-28,True,Q2,True
7,NAPROXENO TABX550MG,97.0,,98.96907216494846,positivas_insuficientes,mayor_intermitencia,97,1,1.0,,TRAIN anterior a 2026-01-01,2024-01-07,2025-11-09,False,,False
7,PARACETAMOL 500MG,52.0,0.0,98.07692307692307,intermitente,mayor_intermitencia,104,2,1.0,0.0,TRAIN anterior a 2026-01-01,2024-01-07,2025-12-28,True,Q3,True
7,VITAMINA C+ZINC+D3,2.5365853658536586,0.25756293161060373,60.57692307692307,intermitente,mayor_intermitencia,104,41,1.6341463414634145,0.8293400255919043,TRAIN anterior a 2026-01-01,2024-01-07,2025-12-28,True,Q1,True
8,AMOXICILINA 500MG,,,100.0,sin_demanda_positiva,sin_demanda_positiva,71,0,,,TRAIN anterior a 2026-01-01,2024-08-25,2025-12-28,False,Q3,True
8,AZITROMICINA 500MG,,,100.0,sin_demanda_positiva,sin_demanda_positiva,104,0,,,TRAIN anterior a 2026-01-01,2024-01-07,2025-12-28,False,Q3,True
8,CETIRIZINA 10MG,,,100.0,sin_demanda_positiva,sin_demanda_positiva,94,0,,,TRAIN anterior a 2026-01-01,2024-01-07,2025-10-19,False,,False
8,DIMENHIDRINATO 50MG,,,100.0,sin_demanda_positiva,sin_demanda_positiva,101,0,,,TRAIN anterior a 2026-01-01,2024-01-28,2025-12-28,False,Q3,True
8,ENALAPRIL 10MG,26.0,0.0,96.15384615384616,intermitente,mayor_intermitencia,104,4,1.0,0.0,TRAIN anterior a 2026-01-01,2024-01-07,2025-12-28,True,Q2,True
8,IBUPROFENO TABX800,,,100.0,sin_demanda_positiva,sin_demanda_positiva,103,0,,,TRAIN anterior a 2026-01-01,2024-01-14,2025-12-28,False,Q3,True
8,LOPERAMIDA 2MG,,,100.0,sin_demanda_positiva,sin_demanda_positiva,104,0,,,TRAIN anterior a 2026-01-01,2024-01-07,2025-12-28,False,Q3,True
8,LORATADINA 10MG,94.0,,98.93617021276596,positivas_insuficientes,mayor_intermitencia,94,1,4.0,,TRAIN anterior a 2026-01-01,2024-01-07,2025-10-19,False,,False
8,LOSARTAN 50MG,11.875,0.09876543209876545,91.57894736842105,intermitente,mayor_intermitencia,95,8,1.125,0.3535533905932738,TRAIN anterior a 2026-01-01,2024-01-07,2025-10-26,True,,False
8,METFORMINA 850MG,34.666666666666664,0.18749999999999997,97.11538461538461,intermitente,mayor_intermitencia,104,3,1.3333333333333333,0.5773502691896257,TRAIN anterior a 2026-01-01,2024-01-07,2025-12-28,True,Q2,True
8,NAPROXENO TABX550MG,,,100.0,sin_demanda_positiva,sin_demanda_positiva,95,0,,,TRAIN anterior a 2026-01-01,2024-01-07,2025-10-26,False,,False
8,OMEPRAZOL 20MG,,,100.0,sin_demanda_positiva,sin_demanda_positiva,23,0,,,TRAIN anterior a 2026-01-01,2024-11-03,2025-04-06,False,,False
8,PARACETAMOL 500MG,104.0,,99.03846153846155,positivas_insuficientes,mayor_intermitencia,104,1,1.0,,TRAIN anterior a 2026-01-01,2024-01-07,2025-12-28,False,Q3,True
8,VITAMINA C+ZINC+D3,3.5714285714285716,0.21437653870086298,72.0,intermitente,mayor_intermitencia,100,28,1.3214285714285714,0.6118321864193026,TRAIN anterior a 2026-01-01,2024-02-04,2025-12-28,True,Q1,True
9,AMOXICILINA 500MG,41.5,0.22222222222222227,97.59036144578313,intermitente,mayor_intermitencia,83,2,1.5,0.7071067811865476,TRAIN anterior a 2026-01-01,2024-06-02,2025-12-28,True,Q3,True
9,AZITROMICINA 500MG,,,100.0,sin_demanda_positiva,sin_demanda_positiva,104,0,,,TRAIN anterior a 2026-01-01,2024-01-07,2025-12-28,False,Q3,True
9,CETIRIZINA 10MG,16.166666666666668,0.37500000000000006,93.81443298969072,intermitente,mayor_intermitencia,97,6,1.3333333333333333,0.816496580927726,TRAIN anterior a 2026-01-01,2024-01-07,2025-11-09,True,,False
9,DIMENHIDRINATO 50MG,,,100.0,sin_demanda_positiva,sin_demanda_positiva,70,0,,,TRAIN anterior a 2026-01-01,2024-09-01,2025-12-28,False,Q3,True
9,ENALAPRIL 10MG,8.666666666666666,0.0,88.46153846153845,intermitente,mayor_intermitencia,104,12,1.0,0.0,TRAIN anterior a 2026-01-01,2024-01-07,2025-12-28,True,Q1,True
9,IBUPROFENO TABX800,,,100.0,sin_demanda_positiva,sin_demanda_positiva,103,0,,,TRAIN anterior a 2026-01-01,2024-01-07,2025-12-21,False,,False
9,LOPERAMIDA 2MG,,,,sin_historia_train,sin_historia_train,0,0,,,TRAIN anterior a 2026-01-01,,,False,,False
9,LORATADINA 10MG,,,100.0,sin_demanda_positiva,sin_demanda_positiva,95,0,,,TRAIN anterior a 2026-01-01,2024-01-07,2025-10-26,False,,False
9,LOSARTAN 50MG,6.0,0.0,83.33333333333334,intermitente,mayor_intermitencia,96,16,1.0,0.0,TRAIN anterior a 2026-01-01,2024-01-07,2025-11-02,True,,False
9,METFORMINA 850MG,11.222222222222221,0.2988281250000001,91.0891089108911,intermitente,mayor_intermitencia,101,9,1.7777777777777777,0.9718253158075502,TRAIN anterior a 2026-01-01,2024-01-28,2025-12-28,True,Q2,True
9,NAPROXENO TABX550MG,13.857142857142858,0.0,92.78350515463917,intermitente,mayor_intermitencia,97,7,1.0,0.0,TRAIN anterior a 2026-01-01,2024-01-07,2025-11-09,True,,False
9,OMEPRAZOL 20MG,48.0,,97.91666666666666,positivas_insuficientes,mayor_intermitencia,48,1,1.0,,TRAIN anterior a 2026-01-01,2024-08-25,2025-07-20,False,,False
9,PARACETAMOL 500MG,20.8,0.0,95.1923076923077,intermitente,mayor_intermitencia,104,5,1.0,0.0,TRAIN anterior a 2026-01-01,2024-01-07,2025-12-28,True,Q2,True
9,VITAMINA C+ZINC+D3,3.433333333333333,0.2451564721595886,70.87378640776699,intermitente,mayor_intermitencia,103,30,1.6333333333333333,0.8087168778415268,TRAIN anterior a 2026-01-01,2024-01-14,2025-12-28,True,Q1,True
10,AMOXICILINA 500MG,39.0,0.0,97.43589743589743,intermitente,mayor_intermitencia,78,2,1.0,0.0,TRAIN anterior a 2026-01-01,2024-07-07,2025-12-28,True,Q3,True
10,AZITROMICINA 500MG,26.0,0.0,96.15384615384616,intermitente,mayor_intermitencia,104,4,1.0,0.0,TRAIN anterior a 2026-01-01,2024-01-07,2025-12-28,True,Q2,True
10,CETIRIZINA 10MG,13.857142857142858,0.10937500000000001,92.78350515463917,intermitente,mayor_intermitencia,97,7,1.1428571428571428,0.37796447300922725,TRAIN anterior a 2026-01-01,2024-01-07,2025-11-09,True,,False
10,DIMENHIDRINATO 50MG,100.0,,99.0,positivas_insuficientes,mayor_intermitencia,100,1,1.0,,TRAIN anterior a 2026-01-01,2024-02-04,2025-12-28,False,Q3,True
10,ENALAPRIL 10MG,4.0,0.03566529492455417,75.0,intermitente,mayor_intermitencia,104,26,1.0384615384615385,0.19611613513818402,TRAIN anterior a 2026-01-01,2024-01-07,2025-12-28,True,Q1,True
10,IBUPROFENO TABX800,,,100.0,sin_demanda_positiva,sin_demanda_positiva,104,0,,,TRAIN anterior a 2026-01-01,2024-01-07,2025-12-28,False,Q3,True
10,LOPERAMIDA 2MG,,,100.0,sin_demanda_positiva,sin_demanda_positiva,5,0,,,TRAIN anterior a 2026-01-01,2025-11-30,2025-12-28,False,,False
10,LORATADINA 10MG,96.0,,98.95833333333334,positivas_insuficientes,mayor_intermitencia,96,1,1.0,,TRAIN anterior a 2026-01-01,2024-01-14,2025-11-09,False,,False
10,LOSARTAN 50MG,6.466666666666667,0.20761245674740492,84.5360824742268,intermitente,mayor_intermitencia,97,15,1.1333333333333333,0.5163977794943223,TRAIN anterior a 2026-01-01,2024-01-07,2025-11-09,True,,False
10,METFORMINA 850MG,11.444444444444445,0.09000000000000002,91.2621359223301,intermitente,mayor_intermitencia,103,9,1.1111111111111112,0.33333333333333337,TRAIN anterior a 2026-01-01,2024-01-14,2025-12-28,True,Q2,True
10,NAPROXENO TABX550MG,14.0,0.3033333333333334,92.85714285714286,intermitente,mayor_intermitencia,98,7,1.4285714285714286,0.7867957924694432,TRAIN anterior a 2026-01-01,2024-01-07,2025-11-16,True,,False
10,PARACETAMOL 500MG,13.0,0.32,92.3076923076923,intermitente,mayor_intermitencia,104,8,1.25,0.7071067811865476,TRAIN anterior a 2026-01-01,2024-01-07,2025-12-28,True,Q2,True
10,VITAMINA C+ZINC+D3,1.8571428571428572,0.35201721355567506,46.15384615384615,intermitente,mayor_intermitencia,104,56,1.625,0.9641293764560099,TRAIN anterior a 2026-01-01,2024-01-07,2025-12-28,True,Q1,True
11,AMOXICILINA 500MG,,,100.0,sin_demanda_positiva,sin_demanda_positiva,77,0,,,TRAIN anterior a 2026-01-01,2024-07-14,2025-12-28,False,Q3,True
11,AZITROMICINA 500MG,,,100.0,sin_demanda_positiva,sin_demanda_positiva,89,0,,,TRAIN anterior a 2026-01-01,2024-04-21,2025-12-28,False,Q3,True
11,CETIRIZINA 10MG,46.0,0.0,97.82608695652173,intermitente,mayor_intermitencia,92,2,1.0,0.0,TRAIN anterior a 2026-01-01,2024-02-11,2025-11-09,True,,False
11,DIMENHIDRINATO 50MG,89.0,,98.87640449438202,positivas_insuficientes,mayor_intermitencia,89,1,1.0,,TRAIN anterior a 2026-01-01,2024-04-21,2025-12-28,False,Q3,True
11,ENALAPRIL 10MG,13.714285714285714,0.0,92.70833333333334,intermitente,mayor_intermitencia,96,7,1.0,0.0,TRAIN anterior a 2026-01-01,2024-03-03,2025-12-28,True,Q2,True
11,IBUPROFENO TABX800,89.0,,98.87640449438202,positivas_insuficientes,mayor_intermitencia,89,1,1.0,,TRAIN anterior a 2026-01-01,2024-04-21,2025-12-28,False,Q3,True
11,LOPERAMIDA 2MG,,,,sin_historia_train,sin_historia_train,0,0,,,TRAIN anterior a 2026-01-01,,,False,,False
11,LORATADINA 10MG,,,100.0,sin_demanda_positiva,sin_demanda_positiva,89,0,,,TRAIN anterior a 2026-01-01,2024-02-25,2025-11-02,False,,False
11,LOSARTAN 50MG,21.25,0.0,95.29411764705881,intermitente,mayor_intermitencia,85,4,1.0,0.0,TRAIN anterior a 2026-01-01,2024-03-31,2025-11-09,True,,False
11,METFORMINA 850MG,15.0,0.1224489795918367,93.33333333333333,intermitente,mayor_intermitencia,90,6,1.1666666666666667,0.408248290463863,TRAIN anterior a 2026-01-01,2024-04-14,2025-12-28,True,Q2,True
11,NAPROXENO TABX550MG,46.5,0.0,97.84946236559139,intermitente,mayor_intermitencia,93,2,1.0,0.0,TRAIN anterior a 2026-01-01,2024-02-11,2025-11-16,True,,False
11,OMEPRAZOL 20MG,,,100.0,sin_demanda_positiva,sin_demanda_positiva,31,0,,,TRAIN anterior a 2026-01-01,2024-12-15,2025-07-13,False,,False
11,PARACETAMOL 500MG,99.0,,98.98989898989899,positivas_insuficientes,mayor_intermitencia,99,1,1.0,,TRAIN anterior a 2026-01-01,2024-02-11,2025-12-28,False,Q3,True
11,VITAMINA C+ZINC+D3,3.03125,0.1500506609486557,67.0103092783505,intermitente,mayor_intermitencia,97,32,1.15625,0.447889315243931,TRAIN anterior a 2026-01-01,2024-02-25,2025-12-28,True,Q1,True
12,AMOXICILINA 500MG,,,100.0,sin_demanda_positiva,sin_demanda_positiva,76,0,,,TRAIN anterior a 2026-01-01,2024-07-21,2025-12-28,False,Q3,True
12,AZITROMICINA 500MG,31.0,0.0,96.7741935483871,intermitente,mayor_intermitencia,93,3,2.0,0.0,TRAIN anterior a 2026-01-01,2024-03-24,2025-12-28,True,Q2,True
12,CETIRIZINA 10MG,17.4,0.0,94.25287356321839,intermitente,mayor_intermitencia,87,5,1.0,0.0,TRAIN anterior a 2026-01-01,2024-03-24,2025-11-16,True,,False
12,DIMENHIDRINATO 50MG,46.5,0.0,97.84946236559139,intermitente,mayor_intermitencia,93,2,1.0,0.0,TRAIN anterior a 2026-01-01,2024-03-24,2025-12-28,True,Q3,True
12,ENALAPRIL 10MG,6.571428571428571,0.06222222222222223,84.78260869565217,intermitente,mayor_intermitencia,92,14,1.0714285714285714,0.2672612419124244,TRAIN anterior a 2026-01-01,2024-03-31,2025-12-28,True,Q1,True
12,IBUPROFENO TABX800,,,100.0,sin_demanda_positiva,sin_demanda_positiva,93,0,,,TRAIN anterior a 2026-01-01,2024-03-24,2025-12-28,False,Q3,True
12,LOPERAMIDA 2MG,,,,sin_historia_train,sin_historia_train,0,0,,,TRAIN anterior a 2026-01-01,,,False,,False
12,LORATADINA 10MG,,,100.0,sin_demanda_positiva,sin_demanda_positiva,74,0,,,TRAIN anterior a 2026-01-01,2024-06-09,2025-11-02,False,,False
12,LOSARTAN 50MG,10.5,0.09876543209876545,90.47619047619048,intermitente,mayor_intermitencia,84,8,1.125,0.3535533905932738,TRAIN anterior a 2026-01-01,2024-03-24,2025-10-26,True,,False
12,METFORMINA 850MG,14.5,0.15000000000000005,93.10344827586206,intermitente,mayor_intermitencia,87,6,1.3333333333333333,0.5163977794943223,TRAIN anterior a 2026-01-01,2024-05-05,2025-12-28,True,Q2,True
12,NAPROXENO TABX550MG,21.5,0.1481481481481481,95.34883720930233,intermitente,mayor_intermitencia,86,4,1.5,0.5773502691896257,TRAIN anterior a 2026-01-01,2024-03-24,2025-11-09,True,,False
12,PARACETAMOL 500MG,93.0,,98.9247311827957,positivas_insuficientes,mayor_intermitencia,93,1,1.0,,TRAIN anterior a 2026-01-01,2024-03-24,2025-12-28,False,Q3,True
12,VITAMINA C+ZINC+D3,1.82,0.4164948180392195,45.05494505494506,intermitente,mayor_intermitencia,91,50,2.22,1.432708295929248,TRAIN anterior a 2026-01-01,2024-04-07,2025-12-28,True,Q1,True
13,AMOXICILINA 500MG,,,100.0,sin_demanda_positiva,sin_demanda_positiva,74,0,,,TRAIN anterior a 2026-01-01,2024-08-04,2025-12-28,False,Q3,True
13,AZITROMICINA 500MG,74.0,,98.64864864864865,positivas_insuficientes,mayor_intermitencia,74,1,1.0,,TRAIN anterior a 2026-01-01,2024-08-04,2025-12-28,False,Q3,True
13,CETIRIZINA 10MG,33.5,0.0,97.01492537313433,intermitente,mayor_intermitencia,67,2,1.0,0.0,TRAIN anterior a 2026-01-01,2024-08-04,2025-11-09,True,,False
13,DIMENHIDRINATO 50MG,64.0,,98.4375,positivas_insuficientes,mayor_intermitencia,64,1,1.0,,TRAIN anterior a 2026-01-01,2024-10-13,2025-12-28,False,Q3,True
13,ENALAPRIL 10MG,12.0,0.0,91.66666666666666,intermitente,mayor_intermitencia,72,6,1.0,0.0,TRAIN anterior a 2026-01-01,2024-08-18,2025-12-28,True,Q2,True
13,IBUPROFENO TABX800,,,100.0,sin_demanda_positiva,sin_demanda_positiva,64,0,,,TRAIN anterior a 2026-01-01,2024-10-13,2025-12-28,False,Q3,True
13,LORATADINA 10MG,,,100.0,sin_demanda_positiva,sin_demanda_positiva,67,0,,,TRAIN anterior a 2026-01-01,2024-08-04,2025-11-09,False,,False
13,LOSARTAN 50MG,17.0,0.0,94.11764705882352,intermitente,mayor_intermitencia,51,3,1.0,0.0,TRAIN anterior a 2026-01-01,2024-11-24,2025-11-09,True,,False
13,METFORMINA 850MG,17.0,0.0,94.11764705882352,intermitente,mayor_intermitencia,34,2,1.0,0.0,TRAIN anterior a 2026-01-01,2025-05-11,2025-12-28,True,Q2,True
13,NAPROXENO TABX550MG,,,100.0,sin_demanda_positiva,sin_demanda_positiva,68,0,,,TRAIN anterior a 2026-01-01,2024-07-28,2025-11-09,False,,False
13,OMEPRAZOL 20MG,70.0,,98.57142857142858,positivas_insuficientes,mayor_intermitencia,70,1,1.0,,TRAIN anterior a 2026-01-01,2024-09-01,2025-12-28,False,Q3,True
13,PARACETAMOL 500MG,,,100.0,sin_demanda_positiva,sin_demanda_positiva,9,0,,,TRAIN anterior a 2026-01-01,2025-11-02,2025-12-28,False,,False
13,VITAMINA C+ZINC+D3,2.8461538461538463,0.121875,64.86486486486487,intermitente,mayor_intermitencia,74,26,1.2307692307692308,0.4296689244236597,TRAIN anterior a 2026-01-01,2024-08-04,2025-12-28,True,Q1,True
14,AMOXICILINA 500MG,,,100.0,sin_demanda_positiva,sin_demanda_positiva,33,0,,,TRAIN anterior a 2026-01-01,2024-12-01,2025-07-13,False,,False
14,AZITROMICINA 500MG,,,100.0,sin_demanda_positiva,sin_demanda_positiva,55,0,,,TRAIN anterior a 2026-01-01,2024-12-15,2025-12-28,False,Q3,True
14,CETIRIZINA 10MG,24.5,0.0,95.91836734693877,intermitente,mayor_intermitencia,49,2,1.0,0.0,TRAIN anterior a 2026-01-01,2024-12-08,2025-11-09,True,,False
14,DIMENHIDRINATO 50MG,,,100.0,sin_demanda_positiva,sin_demanda_positiva,34,0,,,TRAIN anterior a 2026-01-01,2025-05-11,2025-12-28,False,Q3,True
14,ENALAPRIL 10MG,12.2,0.0,91.80327868852459,intermitente,mayor_intermitencia,61,5,1.0,0.0,TRAIN anterior a 2026-01-01,2024-11-03,2025-12-28,True,Q2,True
14,IBUPROFENO TABX800,,,100.0,sin_demanda_positiva,sin_demanda_positiva,35,0,,,TRAIN anterior a 2026-01-01,2025-05-04,2025-12-28,False,Q3,True
14,LORATADINA 10MG,,,100.0,sin_demanda_positiva,sin_demanda_positiva,52,0,,,TRAIN anterior a 2026-01-01,2024-11-17,2025-11-09,False,,False
14,LOSARTAN 50MG,13.0,0.0,92.3076923076923,intermitente,mayor_intermitencia,39,3,1.0,0.0,TRAIN anterior a 2026-01-01,2025-01-26,2025-10-19,True,,False
14,METFORMINA 850MG,2.9047619047619047,0.04338842975206613,65.57377049180327,intermitente,mayor_intermitencia,61,21,1.0476190476190477,0.21821789023599242,TRAIN anterior a 2026-01-01,2024-11-03,2025-12-28,True,Q1,True
14,NAPROXENO TABX550MG,,,100.0,sin_demanda_positiva,sin_demanda_positiva,55,0,,,TRAIN anterior a 2026-01-01,2024-10-27,2025-11-09,False,,False
14,OMEPRAZOL 20MG,32.0,,96.875,positivas_insuficientes,mayor_intermitencia,32,1,1.0,,TRAIN anterior a 2026-01-01,2024-11-10,2025-06-15,False,,False
14,PARACETAMOL 500MG,,,100.0,sin_demanda_positiva,sin_demanda_positiva,2,0,,,TRAIN anterior a 2026-01-01,2025-12-21,2025-12-28,False,,False
14,VITAMINA C+ZINC+D3,2.3076923076923075,0.237882797731569,56.666666666666664,intermitente,mayor_intermitencia,60,26,1.7692307692307692,0.8629109946080097,TRAIN anterior a 2026-01-01,2024-11-10,2025-12-28,True,Q1,True
15,AMOXICILINA 500MG,,,100.0,sin_demanda_positiva,sin_demanda_positiva,53,0,,,TRAIN anterior a 2026-01-01,2024-12-29,2025-12-28,False,Q3,True
15,AZITROMICINA 500MG,46.0,,97.82608695652173,positivas_insuficientes,mayor_intermitencia,46,1,1.0,,TRAIN anterior a 2026-01-01,2025-02-16,2025-12-28,False,Q3,True
15,CETIRIZINA 10MG,24.5,0.0,95.91836734693877,intermitente,mayor_intermitencia,49,2,1.0,0.0,TRAIN anterior a 2026-01-01,2024-12-08,2025-11-09,True,,False
15,DIMENHIDRINATO 50MG,16.0,,93.75,positivas_insuficientes,mayor_intermitencia,16,1,1.0,,TRAIN anterior a 2026-01-01,2025-09-14,2025-12-28,False,Q2,True
15,ENALAPRIL 10MG,6.571428571428571,0.0,84.78260869565217,intermitente,mayor_intermitencia,46,7,1.0,0.0,TRAIN anterior a 2026-01-01,2025-02-16,2025-12-28,True,Q1,True
15,IBUPROFENO TABX800,24.5,0.0,95.91836734693877,intermitente,mayor_intermitencia,49,2,1.0,0.0,TRAIN anterior a 2026-01-01,2025-01-26,2025-12-28,True,Q2,True
15,LOPERAMIDA 2MG,,,,sin_historia_train,sin_historia_train,0,0,,,TRAIN anterior a 2026-01-01,,,False,,False
15,LORATADINA 10MG,,,100.0,sin_demanda_positiva,sin_demanda_positiva,49,0,,,TRAIN anterior a 2026-01-01,2024-12-08,2025-11-09,False,,False
15,LOSARTAN 50MG,7.333333333333333,0.0,86.36363636363636,intermitente,mayor_intermitencia,44,6,1.0,0.0,TRAIN anterior a 2026-01-01,2025-01-12,2025-11-09,True,,False
15,METFORMINA 850MG,9.8,0.0,89.79591836734694,intermitente,mayor_intermitencia,49,5,1.0,0.0,TRAIN anterior a 2026-01-01,2025-01-26,2025-12-28,True,Q2,True
15,NAPROXENO TABX550MG,,,100.0,sin_demanda_positiva,sin_demanda_positiva,49,0,,,TRAIN anterior a 2026-01-01,2024-12-08,2025-11-09,False,,False
15,OMEPRAZOL 20MG,9.0,,88.88888888888889,positivas_insuficientes,mayor_intermitencia,9,1,1.0,,TRAIN anterior a 2026-01-01,2025-01-12,2025-03-09,False,,False
15,PARACETAMOL 500MG,,,100.0,sin_demanda_positiva,sin_demanda_positiva,7,0,,,TRAIN anterior a 2026-01-01,2025-11-16,2025-12-28,False,,False
15,VITAMINA C+ZINC+D3,1.2222222222222223,0.3957158002347506,18.181818181818183,suave,menor_intermitencia,55,45,2.1777777777777776,1.3699517059983086,TRAIN anterior a 2026-01-01,2024-12-15,2025-12-28,True,Q1,True
16,AMOXICILINA 500MG,,,100.0,sin_demanda_positiva,sin_demanda_positiva,18,0,,,TRAIN anterior a 2026-01-01,2025-08-31,2025-12-28,False,Q3,True
16,AZITROMICINA 500MG,,,100.0,sin_demanda_positiva,sin_demanda_positiva,24,0,,,TRAIN anterior a 2026-01-01,2025-07-20,2025-12-28,False,Q3,True
16,CETIRIZINA 10MG,25.0,,96.0,positivas_insuficientes,mayor_intermitencia,25,1,1.0,,TRAIN anterior a 2026-01-01,2025-05-25,2025-11-09,False,,False
16,DIMENHIDRINATO 50MG,32.0,,96.875,positivas_insuficientes,mayor_intermitencia,32,1,2.0,,TRAIN anterior a 2026-01-01,2025-05-25,2025-12-28,False,Q2,True
16,ENALAPRIL 10MG,6.5,0.0,84.61538461538461,intermitente,mayor_intermitencia,13,2,1.0,0.0,TRAIN anterior a 2026-01-01,2025-10-05,2025-12-28,True,Q1,True
16,IBUPROFENO TABX800,,,100.0,sin_demanda_positiva,sin_demanda_positiva,30,0,,,TRAIN anterior a 2026-01-01,2025-06-08,2025-12-28,False,Q3,True
16,LOPERAMIDA 2MG,,,100.0,sin_demanda_positiva,sin_demanda_positiva,6,0,,,TRAIN anterior a 2026-01-01,2025-11-23,2025-12-28,False,,False
16,LORATADINA 10MG,22.0,,95.45454545454545,positivas_insuficientes,mayor_intermitencia,22,1,4.0,,TRAIN anterior a 2026-01-01,2025-06-15,2025-11-09,False,,False
16,LOSARTAN 50MG,19.0,,94.73684210526315,positivas_insuficientes,mayor_intermitencia,19,1,1.0,,TRAIN anterior a 2026-01-01,2025-05-25,2025-09-28,False,,False
16,METFORMINA 850MG,30.0,,96.66666666666667,positivas_insuficientes,mayor_intermitencia,30,1,1.0,,TRAIN anterior a 2026-01-01,2025-06-08,2025-12-28,False,Q2,True
16,NAPROXENO TABX550MG,,,100.0,sin_demanda_positiva,sin_demanda_positiva,25,0,,,TRAIN anterior a 2026-01-01,2025-05-25,2025-11-09,False,,False
16,PARACETAMOL 500MG,,,100.0,sin_demanda_positiva,sin_demanda_positiva,10,0,,,TRAIN anterior a 2026-01-01,2025-10-26,2025-12-28,False,Q3,True
16,VITAMINA C+ZINC+D3,1.8823529411764706,0.3659119897959185,46.875,intermitente,mayor_intermitencia,32,17,1.6470588235294117,0.9963167462326072,TRAIN anterior a 2026-01-01,2025-05-25,2025-12-28,True,Q1,True
17,AMOXICILINA 500MG,,,100.0,sin_demanda_positiva,sin_demanda_positiva,4,0,,,TRAIN anterior a 2026-01-01,2025-12-07,2025-12-28,False,,False
17,AZITROMICINA 500MG,,,100.0,sin_demanda_positiva,sin_demanda_positiva,1,0,,,TRAIN anterior a 2026-01-01,2025-12-28,2025-12-28,False,,False
17,DIMENHIDRINATO 50MG,,,,sin_historia_train,sin_historia_train,0,0,,,TRAIN anterior a 2026-01-01,,,False,,False
17,ENALAPRIL 10MG,,,100.0,sin_demanda_positiva,sin_demanda_positiva,4,0,,,TRAIN anterior a 2026-01-01,2025-12-07,2025-12-28,False,,False
17,IBUPROFENO TABX800,,,100.0,sin_demanda_positiva,sin_demanda_positiva,2,0,,,TRAIN anterior a 2026-01-01,2025-12-21,2025-12-28,False,,False
17,LOPERAMIDA 2MG,,,,sin_historia_train,sin_historia_train,0,0,,,TRAIN anterior a 2026-01-01,,,False,,False
17,METFORMINA 850MG,,,100.0,sin_demanda_positiva,sin_demanda_positiva,3,0,,,TRAIN anterior a 2026-01-01,2025-12-14,2025-12-28,False,,False
17,PARACETAMOL 500MG,,,100.0,sin_demanda_positiva,sin_demanda_positiva,4,0,,,TRAIN anterior a 2026-01-01,2025-12-07,2025-12-28,False,,False
17,VITAMINA C+ZINC+D3,,,,sin_historia_train,sin_historia_train,0,0,,,TRAIN anterior a 2026-01-01,,,False,,False
18,AZITROMICINA 500MG,,,,sin_historia_train,sin_historia_train,0,0,,,TRAIN anterior a 2026-01-01,,,False,,False
18,DIMENHIDRINATO 50MG,,,,sin_historia_train,sin_historia_train,0,0,,,TRAIN anterior a 2026-01-01,,,False,,False
18,ENALAPRIL 10MG,,,,sin_historia_train,sin_historia_train,0,0,,,TRAIN anterior a 2026-01-01,,,False,,False
18,IBUPROFENO TABX800,,,,sin_historia_train,sin_historia_train,0,0,,,TRAIN anterior a 2026-01-01,,,False,,False
18,LOPERAMIDA 2MG,,,,sin_historia_train,sin_historia_train,0,0,,,TRAIN anterior a 2026-01-01,,,False,,False
18,METFORMINA 850MG,,,,sin_historia_train,sin_historia_train,0,0,,,TRAIN anterior a 2026-01-01,,,False,,False
18,PARACETAMOL 500MG,,,100.0,sin_demanda_positiva,sin_demanda_positiva,1,0,,,TRAIN anterior a 2026-01-01,2025-12-28,2025-12-28,False,,False
18,VITAMINA C+ZINC+D3,,,,sin_historia_train,sin_historia_train,0,0,,,TRAIN anterior a 2026-01-01,,,False,,False
19,AZITROMICINA 500MG,,,,sin_historia_train,sin_historia_train,0,0,,,TRAIN anterior a 2026-01-01,,,False,,False
19,DIMENHIDRINATO 50MG,,,,sin_historia_train,sin_historia_train,0,0,,,TRAIN anterior a 2026-01-01,,,False,,False
19,ENALAPRIL 10MG,,,,sin_historia_train,sin_historia_train,0,0,,,TRAIN anterior a 2026-01-01,,,False,,False
19,IBUPROFENO TABX800,,,,sin_historia_train,sin_historia_train,0,0,,,TRAIN anterior a 2026-01-01,,,False,,False
19,METFORMINA 850MG,,,,sin_historia_train,sin_historia_train,0,0,,,TRAIN anterior a 2026-01-01,,,False,,False
19,VITAMINA C+ZINC+D3,,,,sin_historia_train,sin_historia_train,0,0,,,TRAIN anterior a 2026-01-01,,,False,,False
