sucursal,producto,semana,cantidad
1,AMOXICILINA 500MG,2026-01-04,0.0
1,AZITROMICINA 500MG,2026-01-04,0.0
1,DIMENHIDRINATO 50MG,2026-01-04,0.0
1,ENALAPRIL 10MG,2026-01-04,0.0
1,IBUPROFENO TABX800,2026-01-04,0.0
1,LOPERAMIDA 2MG,2026-01-04,0.0
1,METFORMINA 850MG,2026-01-04,0.0
1,PARACETAMOL 500MG,2026-01-04,0.0
1,VITAMINA C+ZINC+D3,2026-01-04,0.0
2,AMOXICILINA 500MG,2026-01-04,0.0
2,AZITROMICINA 500MG,2026-01-04,0.0
2,DIMENHIDRINATO 50MG,2026-01-04,0.0
2,ENALAPRIL 10MG,2026-01-04,1.0
2,IBUPROFENO TABX800,2026-01-04,0.0
2,METFORMINA 850MG,2026-01-04,0.0
2,PARACETAMOL 500MG,2026-01-04,0.0
2,VITAMINA C+ZINC+D3,2026-01-04,1.0
3,AMOXICILINA 500MG,2026-01-04,3.0
3,AZITROMICINA 500MG,2026-01-04,0.0
3,DIMENHIDRINATO 50MG,2026-01-04,0.0
3,ENALAPRIL 10MG,2026-01-04,0.0
3,IBUPROFENO TABX800,2026-01-04,0.0
3,LOPERAMIDA 2MG,2026-01-04,0.0
3,LORATADINA 10MG,2026-01-04,0.0
3,LOSARTAN 50MG,2026-01-04,0.0
3,METFORMINA 850MG,2026-01-04,0.0
3,PARACETAMOL 500MG,2026-01-04,0.0
3,VITAMINA C+ZINC+D3,2026-01-04,2.0
4,AMOXICILINA 500MG,2026-01-04,0.0
4,AZITROMICINA 500MG,2026-01-04,0.0
4,DIMENHIDRINATO 50MG,2026-01-04,0.0
4,ENALAPRIL 10MG,2026-01-04,0.0
4,IBUPROFENO TABX800,2026-01-04,0.0
4,LOPERAMIDA 2MG,2026-01-04,0.0
4,METFORMINA 850MG,2026-01-04,0.0
4,PARACETAMOL 500MG,2026-01-04,0.0
4,VITAMINA C+ZINC+D3,2026-01-04,0.0
5,AMOXICILINA 500MG,2026-01-04,0.0
5,AZITROMICINA 500MG,2026-01-04,0.0
5,DIMENHIDRINATO 50MG,2026-01-04,0.0
5,ENALAPRIL 10MG,2026-01-04,0.0
5,IBUPROFENO TABX800,2026-01-04,0.0
5,METFORMINA 850MG,2026-01-04,0.0
5,PARACETAMOL 500MG,2026-01-04,0.0
5,VITAMINA C+ZINC+D3,2026-01-04,1.0
6,AMOXICILINA 500MG,2026-01-04,0.0
6,AZITROMICINA 500MG,2026-01-04,0.0
6,DIMENHIDRINATO 50MG,2026-01-04,0.0
6,ENALAPRIL 10MG,2026-01-04,0.0
6,IBUPROFENO TABX800,2026-01-04,0.0
6,LOPERAMIDA 2MG,2026-01-04,0.0
6,METFORMINA 850MG,2026-01-04,0.0
6,PARACETAMOL 500MG,2026-01-04,0.0
6,VITAMINA C+ZINC+D3,2026-01-04,0.0
7,AMOXICILINA 500MG,2026-01-04,0.0
7,AZITROMICINA 500MG,2026-01-04,0.0
7,DIMENHIDRINATO 50MG,2026-01-04,0.0
7,ENALAPRIL 10MG,2026-01-04,0.0
7,IBUPROFENO TABX800,2026-01-04,0.0
7,METFORMINA 850MG,2026-01-04,0.0
7,PARACETAMOL 500MG,2026-01-04,0.0
7,VITAMINA C+ZINC+D3,2026-01-04,0.0
8,AMOXICILINA 500MG,2026-01-04,0.0
8,AZITROMICINA 500MG,2026-01-04,0.0
8,DIMENHIDRINATO 50MG,2026-01-04,0.0
8,ENALAPRIL 10MG,2026-01-04,1.0
8,IBUPROFENO TABX800,2026-01-04,0.0
8,LOPERAMIDA 2MG,2026-01-04,0.0
8,METFORMINA 850MG,2026-01-04,0.0
8,PARACETAMOL 500MG,2026-01-04,0.0
8,VITAMINA C+ZINC+D3,2026-01-04,0.0
9,AMOXICILINA 500MG,2026-01-04,0.0
9,AZITROMICINA 500MG,2026-01-04,0.0
9,DIMENHIDRINATO 50MG,2026-01-04,0.0
9,ENALAPRIL 10MG,2026-01-04,0.0
9,METFORMINA 850MG,2026-01-04,0.0
9,PARACETAMOL 500MG,2026-01-04,0.0
9,VITAMINA C+ZINC+D3,2026-01-04,0.0
10,AMOXICILINA 500MG,2026-01-04,0.0
10,AZITROMICINA 500MG,2026-01-04,0.0
10,DIMENHIDRINATO 50MG,2026-01-04,0.0
10,ENALAPRIL 10MG,2026-01-04,0.0
10,IBUPROFENO TABX800,2026-01-04,0.0
10,LOPERAMIDA 2MG,2026-01-04,0.0
10,METFORMINA 850MG,2026-01-04,0.0
10,PARACETAMOL 500MG,2026-01-04,0.0
10,VITAMINA C+ZINC+D3,2026-01-04,0.0
11,AMOXICILINA 500MG,2026-01-04,0.0
11,AZITROMICINA 500MG,2026-01-04,0.0
11,DIMENHIDRINATO 50MG,2026-01-04,0.0
11,ENALAPRIL 10MG,2026-01-04,0.0
11,IBUPROFENO TABX800,2026-01-04,0.0
11,METFORMINA 850MG,2026-01-04,0.0
11,PARACETAMOL 500MG,2026-01-04,0.0
11,VITAMINA C+ZINC+D3,2026-01-04,1.0
12,AMOXICILINA 500MG,2026-01-04,0.0
12,AZITROMICINA 500MG,2026-01-04,0.0
12,DIMENHIDRINATO 50MG,2026-01-04,0.0
12,ENALAPRIL 10MG,2026-01-04,0.0
12,IBUPROFENO TABX800,2026-01-04,0.0
12,METFORMINA 850MG,2026-01-04,0.0
12,PARACETAMOL 500MG,2026-01-04,0.0
12,VITAMINA C+ZINC+D3,2026-01-04,1.0
13,AMOXICILINA 500MG,2026-01-04,0.0
13,AZITROMICINA 500MG,2026-01-04,0.0
13,DIMENHIDRINATO 50MG,2026-01-04,0.0
13,ENALAPRIL 10MG,2026-01-04,0.0
13,IBUPROFENO TABX800,2026-01-04,0.0
13,METFORMINA 850MG,2026-01-04,0.0
13,OMEPRAZOL 20MG,2026-01-04,0.0
13,PARACETAMOL 500MG,2026-01-04,0.0
13,VITAMINA C+ZINC+D3,2026-01-04,0.0
14,AZITROMICINA 500MG,2026-01-04,0.0
14,DIMENHIDRINATO 50MG,2026-01-04,0.0
14,ENALAPRIL 10MG,2026-01-04,0.0
14,IBUPROFENO TABX800,2026-01-04,0.0
14,METFORMINA 850MG,2026-01-04,0.0
14,PARACETAMOL 500MG,2026-01-04,0.0
14,VITAMINA C+ZINC+D3,2026-01-04,0.0
15,AMOXICILINA 500MG,2026-01-04,0.0
15,AZITROMICINA 500MG,2026-01-04,0.0
15,DIMENHIDRINATO 50MG,2026-01-04,0.0
15,ENALAPRIL 10MG,2026-01-04,0.0
15,IBUPROFENO TABX800,2026-01-04,0.0
15,METFORMINA 850MG,2026-01-04,0.0
15,PARACETAMOL 500MG,2026-01-04,0.0
15,VITAMINA C+ZINC+D3,2026-01-04,1.0
16,AMOXICILINA 500MG,2026-01-04,0.0
16,AZITROMICINA 500MG,2026-01-04,0.0
16,DIMENHIDRINATO 50MG,2026-01-04,0.0
16,ENALAPRIL 10MG,2026-01-04,0.0
16,IBUPROFENO TABX800,2026-01-04,0.0
16,LOPERAMIDA 2MG,2026-01-04,0.0
16,METFORMINA 850MG,2026-01-04,0.0
16,PARACETAMOL 500MG,2026-01-04,0.0
16,VITAMINA C+ZINC+D3,2026-01-04,3.0
17,AMOXICILINA 500MG,2026-01-04,0.0
17,AZITROMICINA 500MG,2026-01-04,0.0
17,ENALAPRIL 10MG,2026-01-04,0.0
17,IBUPROFENO TABX800,2026-01-04,0.0
17,METFORMINA 850MG,2026-01-04,0.0
17,PARACETAMOL 500MG,2026-01-04,0.0
18,LOPERAMIDA 2MG,2026-01-04,0.0
18,PARACETAMOL 500MG,2026-01-04,0.0
